FastaID,Type,
O:388-Scr-tlBa-4_t11 ,E3,
M:349-Scr-Fo-6_t11 ,XX, 
I:339-Scr-clNo-4_t11 ,F4,
L:362-Scr-Ch-6_t11 ,A5,
L:357-Scr-Fo-6_t11 ,A5,
A:377-Scr-clNo-6_t11 ,C1,
I:336-Scr-trBa-2_t11 ,F4,
O:385-Scr-clNo-6_t11 ,A1,
O:388-Scr-tlBa-3_t11 ,XX, 
I:339-Scr-clNo-3_t11 ,F4,
L:362-Scr-Ch-5_t11 ,A5,
A:378-Scr-Ch-5_t11 ,C2,
L:357-Scr-Fo-5_t11 ,A5,
A:377-Scr-clNo-5_t11 ,D1,
O:385-Scr-clNo-5_t11 ,A1,
O:388-Scr-tlBa-2_t11 ,E3,
M:349-Scr-Fo-1_t11 ,XX, 
L:363-Scr-trBa-4_t11 ,A5,
L:361-Scr-clNo-6_t11 ,A5,
L:362-Scr-Ch-4_t11 ,A5,
A:378-Scr-Ch-4_t11 ,C2,
O:386-Scr-Ch-6_t11 ,C1,
A:376-Scr-crNo-6_t11 ,C2,
O:388-Scr-tlBa-1_t11 ,E3,
L:363-Scr-trBa-3_t11 ,A5,
I:339-Scr-clNo-1_t11 ,F4,
L:362-Scr-Ch-3_t11 ,A5,
A:378-Scr-Ch-3_t11 ,C2,
O:386-Scr-Ch-5_t11 ,F1,
A:376-Scr-crNo-5_t11 ,C2,
L:359-Scr-Lc-4_t11 ,A5,
L:363-Scr-trBa-2_t11 ,A5,
L:361-Scr-clNo-4_t11 ,A5,
L:362-Scr-Ch-2_t11 ,A5,
L:358-Scr-Rc-4_t11 ,A5,
I:338-Scr-crNo-1_t11 ,F4,
O:386-Scr-Ch-4_t11 ,F1,
L:360-Scr-crNo-4_t11 ,A5,
A:376-Scr-crNo-4_t11 ,C1,
L:359-Scr-Lc-3_t11 ,A5,
L:363-Scr-trBa-1_t11 ,A5,
L:361-Scr-clNo-3_t11 ,A5,
L:362-Scr-Ch-1_t11 ,A5,
L:358-Scr-Rc-3_t11 ,A5,
O:386-Scr-Ch-3_t11 ,C1,
L:360-Scr-crNo-3_t11 ,A5,
A:378-Scr-Ch-1_t11 ,C2,
A:376-Scr-crNo-3_t11 ,D1,
L:359-Scr-Lc-1_t11 ,A5,
L:357-Scr-Fo-1_t11 ,A5,
A:379-Scr-trBa-3_t11 ,A1,
L:361-Scr-clNo-1_t11 ,A5,
O:387-Scr-trBa-3_t11 ,E3,
L:358-Scr-Rc-1_t11 ,A5,
O:386-Scr-Ch-1_t11 ,F1,
L:360-Scr-crNo-1_t11 ,A5,
A:376-Scr-crNo-1_t11 ,H1,
A:379-Scr-trBa-2_t11 ,A1,
A:377-Scr-clNo-1_t11 ,D1,
O:387-Scr-trBa-2_t11 ,E3,
A:377-Scr-clNo-4_t11 ,C2,
O:385-Scr-clNo-4_t11 ,A1,
I:336-Scr-trBa-4_t11 ,F4,
M:349-Scr-Fo-3_t11 ,XX, 
A:379-Scr-trBa-1_t11 ,A1,
I:338-Scr-crNo-3_t11 ,F4,
O:387-Scr-trBa-1_t11 ,E3,
L:357-Scr-Fo-3_t11 ,A5,
O:385-Scr-clNo-1_t11 ,C1,
A:377-Scr-clNo-3_t11 ,C2,
I:336-Scr-trBa-3_t11 ,F4,
M:349-Scr-Fo-2_t11 ,XX, 
I:338-Scr-crNo-2_t11 ,F4,
A:378-Scr-Ch-2_t11 ,C2,
L:357-Scr-Fo-2_t11 ,A5,
A:377-Scr-clNo-2_t11 ,C2,
O:385-Scr-clNo-2_t11 ,C1,
I:336-Scr-trBa-1_t11 ,F4,
I:333-Scr-crRc-4_t11 ,F4,
N:367-Scr-Lc-4_t11 ,A1,
M:353-Scr-clNo-6_t11 ,A1,
A:375-Scr-Lc-4_t11 ,D1,
I:333-Scr-crRc-3_t11 ,F4,
N:367-Scr-Lc-3_t11 ,XX, 
M:353-Scr-clNo-5_t11 ,D1,
K:344-Scr-crNo-5_t11 ,A1,
A:375-Scr-Lc-3_t11 ,D1,
I:333-Scr-crRc-1_t11 ,F4,
K:345-Scr-clNo-6_t11 ,A1,
N:367-Scr-Lc-2_t11 ,F1,
N:372-Scr-tlBa-6_t11 ,A1,
N:366-Scr-Rc-4_t11 ,A1,
K:344-Scr-crNo-4_t11 ,A1,
N:365-Scr-Fo-4_t11 ,A1,
K:345-Scr-clNo-5_t11 ,A1,
N:367-Scr-Lc-1_t11 ,A1,
A:373-Scr-Fo-1_t11 ,D1,
N:372-Scr-tlBa-5_t11 ,A1,
N:366-Scr-Rc-3_t11 ,A1,
K:344-Scr-crNo-3_t11 ,F1,
N:365-Scr-Fo-3_t11 ,A1,
O:383-Scr-Lc-6_t11 ,F1,
K:345-Scr-clNo-4_t11 ,A1,
M:353-Scr-clNo-4_t11 ,XX, 
N:372-Scr-tlBa-4_t11 ,A1,
N:366-Scr-Rc-2_t11 ,A1,
K:343-Scr-Lc-1_t11 ,F1,
I:334-Scr-clLc-4_t11 ,F4,
N:365-Scr-Fo-2_t11 ,A1,
O:383-Scr-Lc-5_t11 ,F1,
M:353-Scr-clNo-3_t11 ,XX, 
N:372-Scr-tlBa-3_t11 ,A1,
N:366-Scr-Rc-1_t11 ,A1,
I:334-Scr-clLc-3_t11 ,F4,
N:365-Scr-Fo-1_t11 ,A1,
M:354-Scr-Ch-1_t11 ,A1,
O:383-Scr-Lc-4_t11 ,C1,
K:345-Scr-clNo-2_t11 ,A1,
M:353-Scr-clNo-2_t11 ,A1,
N:372-Scr-tlBa-2_t11 ,A1,
K:344-Scr-crNo-2_t11 ,A1,
K:346-Scr-Ch-4_t11 ,F4,
O:383-Scr-Lc-3_t11 ,F1,
K:345-Scr-clNo-1_t11 ,A1,
M:353-Scr-clNo-1_t11 ,A1,
N:372-Scr-tlBa-1_t11 ,A1,
K:344-Scr-crNo-1_t11 ,A1,
I:334-Scr-clLc-1_t11 ,F4,
O:383-Scr-Lc-2_t11 ,F1,
A:373-Scr-Fo-4_t11 ,D1,
K:343-Scr-Lc-4_t11 ,A1,
A:375-Scr-Lc-1_t11 ,D1,
K:346-Scr-Ch-2_t11 ,F4,
O:383-Scr-Lc-1_t11 ,F1,
A:373-Scr-Fo-3_t11 ,D1,
K:343-Scr-Lc-3_t11 ,A1,
M:355-Scr-trBa-4_t11 ,D1,
O:384-Scr-crNo-1_t11 ,F1,
I:333-Scr-crRc-2_t11 ,F4,
A:373-Scr-Fo-2_t11 ,D1,
K:343-Scr-Lc-2_t11 ,A1,
M:354-Scr-Ch-2_t11 ,A1,
M:355-Scr-trBa-2_t11 ,D1,
A:375-Scr-Lc-2_t11 ,C2,
O:384-Scr-crNo-2_t11 ,C1,
N:369-Scr-clNo-4_t11 ,A1,
I:332-Scr-Lc-4_t11 ,F4,
M:352-Scr-crNo-6_t11 ,A1,
K:341-Scr-Fo-5_t11 ,XX, 
I:331-Scr-Rc-6_t11 ,F4,
A:380-Scr-tlBa-6_t11 ,A1,
N:370-Scr-Ch-6_t11 ,XX, 
K:341-Scr-Fo-4_t11 ,XX, 
I:332-Scr-Lc-3_t11 ,F4,
K:341-Scr-Fo-3_t11 ,XX, 
I:331-Scr-Rc-5_t11 ,F4,
A:380-Scr-tlBa-5_t11 ,A1,
I:330-Scr-Fo-6_t11 ,F4,
A:380-Scr-tlBa-4_t11 ,A1,
N:370-Scr-Ch-4_t11 ,D1,
I:330-Scr-Fo-5_t11 ,F4,
N:368-Scr-crNo-5_t11 ,A1,
M:352-Scr-crNo-1_t11 ,A1,
A:380-Scr-tlBa-3_t11 ,A1,
I:330-Scr-Fo-4_t11 ,XX, 
N:368-Scr-crNo-4_t11 ,D1,
O:381-Scr-Fo-4_t11 ,D1,
K:341-Scr-Fo-1_t11 ,XX, 
A:380-Scr-tlBa-2_t11 ,A1,
I:330-Scr-Fo-3_t11 ,A1,
N:368-Scr-crNo-3_t11 ,D1,
O:381-Scr-Fo-3_t11 ,F1,
A:380-Scr-tlBa-1_t11 ,A1,
I:330-Scr-Fo-2_t11 ,F4,
O:381-Scr-Fo-2_t11 ,D1,
O:382-Scr-Rc-6_t11 ,C1,
I:340-Scr-ccBa-6_t11 ,F4,
M:350-Scr-Rc-6_t11 ,H1,
I:330-Scr-Fo-1_t11 ,XX, 
K:342-Scr-Rc-3_t11 ,A1,
N:368-Scr-crNo-1_t11 ,A1,
O:381-Scr-Fo-1_t11 ,D1,
I:340-Scr-ccBa-5_t11 ,F4,
L:364-Scr-tlBa-5_t11 ,H1,
K:342-Scr-Rc-2_t11 ,XX, 
M:352-Scr-crNo-4_t11 ,D1,
N:371-Scr-trBa-4_t11 ,A1,
I:340-Scr-ccBa-1_t11 ,F4,
O:382-Scr-Rc-4_t11 ,A1,
I:340-Scr-ccBa-4_t11 ,F4,
M:350-Scr-Rc-4_t11 ,XX, 
L:364-Scr-tlBa-4_t11 ,A5,
M:352-Scr-crNo-3_t11 ,D1,
N:371-Scr-trBa-2_t11 ,A1,
O:382-Scr-Rc-3_t11 ,A1,
M:350-Scr-Rc-1_t11 ,H1,
I:340-Scr-ccBa-3_t11 ,F4,
M:350-Scr-Rc-3_t11 ,H1,
L:364-Scr-tlBa-3_t11 ,A5,
K:341-Scr-Fo-2_t11 ,XX, 
I:340-Scr-ccBa-2_t11 ,A1,
M:350-Scr-Rc-2_t11 ,H1,
J:323-Scr-Rc-8_t11 ,C1,
J:329-Scr-tlBa-3_t11 ,XX, 
J:326-Scr-clNo-6_t11 ,XX, 
H:318-Scr-trBa-2_t11 ,A5,
J:322-Scr-Fo-6_t11 ,C1,
J:323-Scr-Rc-7_t11 ,XX, 
J:329-Scr-tlBa-2_t11 ,XX, 
J:326-Scr-clNo-5_t11 ,XX, 
J:322-Scr-Fo-5_t11 ,XX, 
H:321-Scr-clLc-6_t11 ,A5,
J:326-Scr-clNo-4_t11 ,XX, 
J:322-Scr-Fo-4_t11 ,XX, 
H:321-Scr-clLc-5_t11 ,A5,
J:326-Scr-clNo-3_t11 ,XX, 
J:322-Scr-Fo-3_t11 ,A1,
H:321-Scr-clLc-4_t11 ,A5,
J:326-Scr-clNo-2_t11 ,XX, 
J:322-Scr-Fo-2_t11 ,XX, 
H:321-Scr-clLc-3_t11 ,C1,
J:326-Scr-clNo-1_t11 ,XX, 
J:327-Scr-Ch-1_t11 ,XX, 
H:319-Scr-brBa-6_t11 ,A5,
H:318-Scr-trBa-6_t11 ,A5,
H:319-Scr-brBa-5_t11 ,A5,
J:323-Scr-Rc-5_t11 ,XX, 
H:318-Scr-trBa-5_t11 ,A5,
H:319-Scr-brBa-1_t11 ,A5,
H:319-Scr-brBa-4_t11 ,A5,
H:318-Scr-trBa-4_t11 ,A5,
J:327-Scr-Ch-3_t11 ,XX, 
J:323-Scr-Rc-1_t11 ,XX, 
H:319-Scr-brBa-3_t11 ,A5,
H:318-Scr-trBa-3_t11 ,A5,
J:327-Scr-Ch-2_t11 ,XX, 
H:319-Scr-brBa-2_t11 ,A5,
J:323-Scr-Rc-2_t11 ,XX, 
H:318-Scr-trBa-1_t11 ,A5,
B:310-Scr-tlBa-1_t11 ,H1,
B:304-Scr-Lc-1_t11 ,F4,
B:311-Scr-ccCh-1_t11 ,F4,
B:303-Scr-Rc-1_t11 ,A1,
H:312-Scr-Fo-1_t11 ,A5,
B:307-Scr-crNo-5_t11 ,F4,
H:312-Scr-Fo-2_t11 ,A5,
B:302-Scr-Fo-2_t11 ,H1,
B:310-Scr-tlBa-2_t11 ,H1,
B:311-Scr-ccCh-2_t11 ,C1,
H:312-Scr-Fo-3_t11 ,A5,
H:312-Scr-Fo-4_t11 ,A5,
B:302-Scr-Fo-3_t11 ,F4,
H:313-Scr-Rc-6_t11 ,A5,
B:310-Scr-tlBa-3_t11 ,XX, 
B:311-Scr-ccCh-3_t11 ,C1,
H:312-Scr-Fo-5_t11 ,A5,
B:305-Scr-crCh-3_t11 ,C1,
H:321-Scr-clLc-1_t11 ,A5,
B:302-Scr-Fo-4_t11 ,F4,
B:310-Scr-tlBa-4_t11 ,XX, 
B:304-Scr-Lc-4_t11 ,H1,
B:309-Scr-trBa-6_t11 ,XX, 
B:311-Scr-ccCh-4_t11 ,C1,
B:303-Scr-Rc-4_t11 ,XX, 
H:312-Scr-Fo-6_t11 ,A5,
H:321-Scr-clLc-2_t11 ,A5,
B:302-Scr-Fo-5_t11 ,F4,
B:310-Scr-tlBa-5_t11 ,XX, 
B:304-Scr-Lc-5_t11 ,XX, 
B:311-Scr-ccCh-5_t11 ,F4,
B:303-Scr-Rc-5_t11 ,A1,
H:314-Scr-Lc-6_t11 ,A5,
H:317-Scr-Ch-1_t11 ,A5,
H:317-Scr-Ch-2_t11 ,A5,
H:317-Scr-Ch-3_t11 ,A5,
B:302-Scr-Fo-6_t11 ,F4,
B:310-Scr-tlBa-6_t11 ,XX, 
H:317-Scr-Ch-4_t11 ,A5,
B:308-Scr-clNo-5_t11 ,XX, 
H:313-Scr-Rc-1_t11 ,A5,
B:309-Scr-trBa-1_t11 ,F4,
H:314-Scr-Lc-1_t11 ,A5,
B:308-Scr-clNo-1_t11 ,A1,
H:315-Scr-crNo-1_t11 ,A5,
B:306-Scr-clCh-1_t11 ,F4,
H:316-Scr-clNo-1_t11 ,A5,
H:313-Scr-Rc-2_t11 ,A5,
H:315-Scr-crNo-6_t11 ,A5,
B:309-Scr-trBa-2_t11 ,XX, 
H:314-Scr-Lc-2_t11 ,A5,
B:308-Scr-clNo-2_t11 ,A1,
H:315-Scr-crNo-2_t11 ,A5,
B:307-Scr-crNo-2_t11 ,F4,
H:313-Scr-Rc-3_t11 ,A5,
B:309-Scr-trBa-3_t11 ,H1,
H:314-Scr-Lc-3_t11 ,XX, 
B:306-Scr-clCh-6_t11 ,F4,
H:315-Scr-crNo-3_t11 ,A5,
B:306-Scr-clCh-3_t11 ,C1,
B:307-Scr-crNo-3_t11 ,F4,
H:313-Scr-Rc-4_t11 ,A5,
H:314-Scr-Lc-4_t11 ,A5,
B:308-Scr-clNo-3_t11 ,A1,
B:306-Scr-clCh-4_t11 ,C1,
H:316-Scr-clNo-4_t11 ,A5,
B:307-Scr-crNo-4_t11 ,H1,
H:313-Scr-Rc-5_t11 ,A5,
H:314-Scr-Lc-5_t11 ,A5,
B:308-Scr-clNo-4_t11 ,H1,
H:315-Scr-crNo-5_t11 ,A5,
B:307-Scr-crNo-6_t11 ,A1,
F:160-Stp-No20-1_t07 ,C1,
F:170-Stp-Rc24-4_t07 ,A1,
F:166-Stp-Rc23-4_t07 ,A1,
F:170-Stp-Rc24-3_t07 ,A1,
F:166-Stp-Rc23-3_t07 ,A1,
F:170-Stp-Rc24-2_t07 ,A1,
F:166-Stp-Rc23-2_t07 ,A1,
F:161-Stp-No21-4_t07 ,A1,
F:168-Stp-Rc22-4_t07 ,A1,
F:161-Stp-No21-3_t07 ,A1,
F:168-Stp-Rc22-3_t07 ,A1,
F:161-Stp-No21-2_t07 ,A1,
F:170-Stp-Rc24-1_t07 ,A1,
F:168-Stp-Rc22-2_t07 ,A1,
F:161-Stp-No21-1_t07 ,A1,
F:168-Stp-Rc22-1_t07 ,A1,
F:172-Stp-Rc19-4_t07 ,A1,
F:160-Stp-No20-4_t07 ,A1,
F:172-Stp-Rc19-3_t07 ,A1,
F:160-Stp-No20-3_t07 ,A1,
F:172-Stp-Rc19-2_t07 ,A1,
F:160-Stp-No20-2_t07 ,A1,
F:172-Stp-Rc19-1_t07 ,A1,
F:166-Stp-Rc23-1_t07 ,A1,
F:181-Scr-Rc-4_t07 ,A1,
F:148-Stp-Lc16-4_t07 ,A1,
F:121-Stp-Lc11-4_t07 ,C1,
F:111-Stp-Lc9-1_t07 ,D1,
F:115-Stp-Lc7-4_t07 ,C1,
F:122-Stp-Lc8-3_t07 ,C1,
F:181-Scr-Rc-3_t07 ,A1,
F:148-Stp-Lc16-3_t07 ,A1,
F:116-Stp-Lc10-3_t07 ,A1,
F:121-Stp-Lc11-3_t07 ,C1,
F:147-Stp-Lc16-3_t07 ,C1,
F:115-Stp-Lc7-3_t07 ,C1,
F:144-Stp-Lc15-2_t07 ,C1,
F:127-Stp-Lc12-1_t07 ,C1,
F:183-Scr-crFo-2_t07 ,A1,
F:140-Stp-Lc14-2_t07 ,A1,
F:101-Stp-Fo4-2_t07 ,A1,
F:131-Stp-Lc11-2_t07 ,C1,
F:107-Stp-Fo6-2_t07 ,C2,
F:138-Stp-Lc14-2_t07 ,C1,
F:110-Stp-Fo3-2_t07 ,C1,
F:144-Stp-Lc15-1_t07 ,C1,
F:183-Scr-crFo-1_t07 ,A1,
F:140-Stp-Lc14-1_t07 ,A1,
F:120-Stp-Lc11-1_t07 ,C1,
F:101-Stp-Fo4-1_t07 ,A1,
F:131-Stp-Lc11-1_t07 ,C1,
F:107-Stp-Fo6-1_t07 ,A1,
F:138-Stp-Lc14-1_t07 ,C2,
F:110-Stp-Fo3-1_t07 ,C1,
F:141-Stp-Lc14-4_t07 ,D1,
F:141-Stp-Lc14-3_t07 ,C1,
F:141-Stp-Lc14-2_t07 ,C1,
F:141-Stp-Lc14-1_t07 ,C1,
F:103-Stp-Fo2-4_t07 ,C1,
F:134-Stp-Lc10-1_t07 ,C1,
F:187-Scr-clCh-2_t07 ,A1,
F:190-Scr-crSh-3_t07 ,F4,
F:118-Stp-Lc8-3_t07 ,XX, 
F:129-Stp-Lc12-3_t07 ,C1,
F:193-Scr-clCh-3_t07 ,A1,
F:189-Scr-crCh-3_t07 ,A1,
F:117-Stp-Lc11-3_t07 ,XX, 
F:114-Stp-Lc7-1_t07 ,C1,
F:125-Stp-Lc12-3_t07 ,XX, 
F:143-Stp-Lc15-2_t07 ,C1,
F:182-Scr-Lc-2_t07 ,F4,
F:132-Stp-Lc10-2_t07 ,C1,
F:146-Stp-Lc15-2_t07 ,C1,
F:191-Scr-Nk-2_t07 ,XX, 
F:145-Stp-Lc11-2_t07 ,C1,
F:106-Stp-Fo3-2_t07 ,C1,
F:105-Stp-Fo3-2_t07 ,A1,
F:128-Stp-Lc12-1_t07 ,C1,
F:190-Scr-crSh-1_t07 ,F4,
F:118-Stp-Lc8-1_t07 ,XX, 
F:129-Stp-Lc12-1_t07 ,C1,
F:193-Scr-clCh-1_t07 ,A1,
F:189-Scr-crCh-1_t07 ,A1,
F:117-Stp-Lc11-1_t07 ,XX, 
F:125-Stp-Lc12-1_t07 ,XX, 
F:139-Stp-Lc14-3_t07 ,F4,
F:139-Stp-Lc14-2_t07 ,F4,
F:139-Stp-Lc14-1_t07 ,F4,
F:119-Stp-Lc12-1_t07 ,XX, 
F:109-Stp-Fo6-4_t07 ,C1,
F:103-Stp-Fo2-3_t07 ,A1,
F:123-Stp-Lc12-3_t07 ,A1,
F:127-Stp-Lc12-3_t07 ,C1,
F:120-Stp-Lc11-3_t07 ,C1,
F:134-Stp-Lc10-3_t07 ,C1,
F:114-Stp-Lc7-3_t07 ,C1,
F:136-Stp-Lc10-3_t07 ,C1,
F:133-Stp-Lc10-1_t07 ,C1,
F:119-Stp-Lc12-3_t07 ,A1,
F:113-Stp-Lc9-3_t07 ,A1,
F:185-Scr-Fo-1_t07 ,F4,
F:142-Stp-Lc15-2_t07 ,C1,
F:192-Scr-clCh-2_t07 ,A1,
F:109-Stp-Fo6-2_t07 ,C1,
F:102-Stp-Fo1-2_t07 ,C1,
F:188-Scr-ccCh-2_t07 ,A1,
F:123-Stp-Lc12-1_t07 ,A1,
F:113-Stp-Lc9-1_t07 ,A1,
A:214-Stp-No62-2_t08 ,D1,
A:205-Stp-Rc59-2_t08 ,D1,
A:197-Stp-Rc57-2_t08 ,D1,
A:236-Stp-Rc69-2_t08 ,D1,
A:252-Stp-Lc78-2_t08 ,D1,
A:214-Stp-No62-1_t08 ,D1,
A:205-Stp-Rc59-1_t08 ,D1,
A:197-Stp-Rc57-1_t08 ,D1,
A:236-Stp-Rc69-1_t08 ,D1,
A:252-Stp-Lc78-1_t08 ,D1,
A:239-Stp-Rc69-2_t08 ,D1,
A:199-Stp-Rc58-2_t08 ,D1,
A:210-Stp-Rc60-2_t08 ,D1,
A:203-Stp-Rc59-2_t08 ,D1,
A:200-Stp-Rc58-2_t08 ,C1,
A:244-Stp-Rc70-1_t08 ,H1,
A:199-Stp-Rc58-1_t08 ,D1,
A:210-Stp-Rc60-1_t08 ,D1,
A:203-Stp-Rc59-1_t08 ,D1,
A:200-Stp-Rc58-1_t08 ,C1,
A:216-Stp-No62-2_t08 ,D1,
A:245-Stp-Rc70-2_t08 ,D1,
A:196-Stp-Rc57-4_t08 ,D1,
A:195-Stp-No66-1_t08 ,D1,
A:206-Stp-Rc59-2_t08 ,D1,
A:297-Scr-crBa-2_t08 ,A1,
A:216-Stp-No62-1_t08 ,D1,
A:245-Stp-Rc70-1_t08 ,D1,
A:196-Stp-Rc57-3_t08 ,D1,
A:206-Stp-Rc59-1_t08 ,D1,
A:297-Scr-crBa-1_t08 ,A1,
A:211-Stp-Rc60-1_t08 ,D1,
A:213-Stp-Rc56-2_t08 ,C2,
A:204-Stp-Rc59-2_t08 ,D1,
A:196-Stp-Rc57-2_t08 ,D1,
A:201-Stp-Rc58-2_t08 ,D1,
A:253-Stp-Lc78-2_t08 ,D1,
A:209-Stp-Rc60-2_t08 ,D1,
A:207-Stp-Rc60-1_t08 ,D1,
A:213-Stp-Rc56-1_t08 ,C2,
A:204-Stp-Rc59-1_t08 ,D1,
A:196-Stp-Rc57-1_t08 ,D1,
A:201-Stp-Rc58-1_t08 ,D1,
A:253-Stp-Lc78-1_t08 ,D1,
A:209-Stp-Rc60-1_t08 ,D1,
A:238-Stp-Rc69-2_t08 ,D1,
A:194-Stp-No66-2_t08 ,D1,
A:202-Stp-Rc59-2_t08 ,D1,
A:298-Scr-clBa-4_t08 ,A1,
A:282-Ext-clMoW-4_t08 ,C1,
A:215-Stp-No62-1_t08 ,D1,
A:217-Stp-No63-1_t08 ,D1,
A:238-Stp-Rc69-1_t08 ,C2,
A:194-Stp-No66-1_t08 ,D1,
A:202-Stp-Rc59-1_t08 ,D1,
A:282-Ext-clMoW-1_t08 ,C1,
A:298-Scr-clBa-3_t08 ,A1,
A:282-Ext-clMoW-3_t08 ,D1,
A:232-Stp-Rc71-1_t08 ,C2,
A:195-Stp-No66-2_t08 ,D1,
A:211-Stp-Rc60-2_t08 ,D1,
A:207-Stp-Rc60-2_t08 ,D1,
A:298-Scr-clBa-2_t08 ,A1,
A:282-Ext-clMoW-2_t08 ,C1,
A:264-Stp-Lc86-4_t08 ,D1,
A:249-Stp-Fo74-4_t08 ,C1,
A:248-Stp-Fo76-4_t08 ,D1,
A:272-Ext-tlChW-6_t08 ,C2,
A:222-Stp-No62-2_t08 ,C1,
A:267-Ext-tcChW-2_t08 ,C1,
A:277-Ext-ccLcW-3_t08 ,A1,
A:249-Stp-Fo74-3_t08 ,D1,
A:248-Stp-Fo76-3_t08 ,D1,
A:272-Ext-tlChW-5_t08 ,C2,
A:267-Ext-tcChW-1_t08 ,C1,
A:277-Ext-ccLcW-2_t08 ,A2,
A:242-Stp-Rc70-2_t08 ,D1,
A:272-Ext-tlChW-4_t08 ,D1,
A:219-Stp-No63-2_t08 ,D1,
A:277-Ext-ccLcW-1_t08 ,A1,
A:235-Stp-Rc72-1_t08 ,D1,
A:269-Ext-trMoW-1_t08 ,D1,
A:249-Stp-Fo74-1_t08 ,F4,
A:272-Ext-tlChW-3_t08 ,D1,
A:241-Stp-Rc73-2_t08 ,D1,
A:300-Scr-crBa-4_t08 ,D1,
A:268-Ext-blFoW-2_t08 ,D1,
A:266-Ext-crChW-1_t08 ,D1,
A:240-Stp-Rc73-2_t08 ,D1,
A:241-Stp-Rc73-1_t08 ,D1,
A:300-Scr-crBa-3_t08 ,D1,
A:268-Ext-blFoW-1_t08 ,D1,
A:220-Stp-No63-1_t08 ,D1,
A:231-Stp-No62-2_t08 ,D1,
A:300-Scr-crBa-2_t08 ,H1,
A:221-Stp-No63-2_t08 ,D1,
A:226-Stp-No65-4_t08 ,D1,
A:299-Scr-crBa-2_t08 ,A1,
A:223-Stp-No65-2_t08 ,D1,
A:231-Stp-No62-1_t08 ,D1,
A:300-Scr-crBa-1_t08 ,D1,
A:221-Stp-No63-1_t08 ,D1,
A:226-Stp-No65-3_t08 ,D1,
A:299-Scr-crBa-1_t08 ,C2,
A:223-Stp-No65-1_t08 ,D1,
A:272-Ext-tlChW-2_t08 ,C2,
A:280-Ext-crMoW-4_t08 ,C1,
A:301-Scr-Ch-4_t08 ,C1,
A:265-Ext-RcB-2_t08 ,C1,
A:272-Ext-tlChW-1_t08 ,C2,
A:280-Ext-crMoW-2_t08 ,C1,
A:279-Ext-brFoW-1_t08 ,C2,
A:301-Scr-Ch-3_t08 ,D1,
A:265-Ext-RcB-1_t08 ,C1,
A:218-Stp-No63-1_t08 ,D1,
A:269-Ext-trMoW-2_t08 ,D1,
A:266-Ext-crChW-2_t08 ,D1,
A:220-Stp-No63-2_t08 ,D1,
A:279-Ext-brFoW-2_t08 ,C2,
A:222-Stp-No62-1_t08 ,C1,
A:251-Stp-Lc79-2_t08 ,D1,
A:246-Stp-Rc68-5_t08 ,H1,
A:251-Stp-Lc79-1_t08 ,D1,
A:288-Scr-clCh-3_t08 ,A1,
A:226-Stp-No65-2_t08 ,D1,
A:288-Scr-clCh-2_t08 ,A1,
A:226-Stp-No65-1_t08 ,D1,
A:288-Scr-clCh-1_t08 ,A1,
A:296-Scr-trBa-1_t08 ,D1,
A:291-Scr-crCh-4_t08 ,A1,
A:287-Scr-crFo-4_t08 ,A1,
A:257-Stp-Lc83-2_t08 ,D1,
A:295-Scr-crBa-4_t08 ,C1,
A:289-Scr-Rch-4_t08 ,D1,
A:229-Stp-No67-2_t08 ,D1,
A:291-Scr-crCh-3_t08 ,A1,
A:287-Scr-crFo-3_t08 ,A1,
A:257-Stp-Lc83-1_t08 ,D1,
A:295-Scr-crBa-3_t08 ,D1,
A:289-Scr-Rch-3_t08 ,D1,
A:290-Scr-clCh-1_t08 ,C1,
A:229-Stp-No67-1_t08 ,D1,
A:291-Scr-crCh-2_t08 ,D1,
A:283-Ext-tcMoWs-2_t08 ,D1,
A:295-Scr-crBa-2_t08 ,D1,
A:289-Scr-Rch-2_t08 ,D1,
A:274-Ext-crFoB-2_t08 ,D1,
A:291-Scr-crCh-1_t08 ,A1,
A:287-Scr-crFo-1_t08 ,A1,
A:283-Ext-tcMoWs-1_t08 ,D1,
A:295-Scr-crBa-1_t08 ,D1,
A:289-Scr-Rch-1_t08 ,XX, 
A:255-Stp-Lc79-1_t08 ,H1,
A:290-Scr-clCh-4_t08 ,D1,
A:276-Ext-tlLcW-4_t08 ,C2,
A:254-Stp-Lc79-2_t08 ,D1,
A:294-Scr-clBa-2_t08 ,C1,
A:293-Scr-trBa-3_t08 ,C1,
A:290-Scr-clCh-3_t08 ,D1,
A:276-Ext-tlLcW-1_t08 ,C2,
A:276-Ext-tlLcW-3_t08 ,C2,
A:254-Stp-Lc79-1_t08 ,D1,
A:294-Scr-clBa-1_t08 ,C1,
A:275-Ext-tcFoB-1_t08 ,C2,
E:097-Scr-tlBa-4_t00 ,A1,
E:097-Scr-tlBa-3_t00 ,A1,
E:096-Scr-Ch-4_t00 ,D1,
E:095-Scr-Rc-4_t00 ,C1,
E:095-Scr-Rc-3_t00 ,C1,
E:094-Scr-Lc-4_t00 ,D1,
E:093-Scr-Fo-4_t00 ,D1,
E:093-Scr-Fo-3_t00 ,D1,
A:048-Scr-Rc-2_t00 ,D1,
D:062-Scr-tlBa-1_t00 ,A1,
D:062-Scr-tlBa-2_t00 ,A1,
D:062-Scr-tlBa-3_t00 ,A1,
B:074-Scr-tlBa-1_t00 ,H1,
B:074-Scr-tlBa-2_t00 ,F4,
B:074-Scr-tlBa-3_t00 ,H1,
B:074-Scr-tlBa-4_t00 ,H1,
A:023-Ext-tcChBp-3_t00 ,C2,
A:024-Ext-bcChBs-1_t00 ,C2,
A:024-Ext-bcChBs-2_t00 ,C2,
A:024-Ext-bcChBs-3_t00 ,C2,
C:057-Scr-brBa-4_t00 ,H1,
C:057-Scr-brBa-3_t00 ,H1,
C:055-Scr-trBa-3_t00 ,H1,
C:054-Scr-tlBa-4_t00 ,H1,
C:054-Scr-tlBa-2_t00 ,H1,
C:054-Scr-tlBa-1_t00 ,H1,
C:053-Scr-Ch-4_t00 ,A1,
C:053-Scr-Ch-2_t00 ,A1,
C:053-Scr-Ch-1_t00 ,E3,
C:052-Scr-Rc-4_t00 ,A1,
C:052-Scr-Rc-3_t00 ,A1,
C:052-Scr-Rc-2_t00 ,A1,
C:052-Scr-Rc-1_t00 ,A1,
C:051-Scr-Lc-3_t00 ,E3,
C:051-Scr-Lc-2_t00 ,A1,
C:051-Scr-Lc-1_t00 ,A1,
C:050-Scr-Fo-4_t00 ,A1,
C:050-Scr-Fo-1_t00 ,A1,
R:410-Ext-blFoBs-2_t15 ,D1,
R:409-Ext-ccLcBs-5_t15 ,A1,
R:409-Ext-ccLcBs-4_t15 ,A1,
R:409-Ext-ccLcBs-3_t15 ,A1,
R:409-Ext-ccLcBs-2_t15 ,A1,
R:409-Ext-ccLcBs-1_t15 ,A1,
Q:396-Ext-tlBaB-1_t15 ,D1,
R:405-Ext-tlLcB-3_t15 ,D1,
R:405-Ext-tlLcB-2_t15 ,XX, 
R:405-Ext-tlLcB-1_t15 ,D1,
Q:403-Scr-ccBa-4_t15 ,XX, 
R:407-Ext-ChB-6_t15 ,D1,
R:407-Ext-ChB-5_t15 ,D1,
R:407-Ext-ChB-4_t15 ,D1,
R:407-Ext-ChB-3_t15 ,D1,
Q:404-Scr-Lc-5_t15 ,D1,
Q:404-Scr-Lc-4_t15 ,D1,
Q:404-Scr-Lc-3_t15 ,D1,
Q:404-Scr-Lc-2_t15 ,A1,
Q:404-Scr-Lc-1_t15 ,H1,
Q:403-Scr-ccBa-1_t15 ,D1,
Q:402-Scr-tlBa-5_t15 ,H1,
Q:402-Scr-tlBa-4_t15 ,H1,
Q:402-Scr-tlBa-2_t15 ,A1,
Q:402-Scr-tlBa-1_t15 ,D1,
Q:402-Scr-tlBa-8_t15 ,D1,
Q:394-Ext-clChB-6_t15 ,D1,
Q:402-Scr-tlBa-7_t15 ,D1,
Q:401-Scr-trBa-4_t15 ,H1,
Q:401-Scr-trBa-3_t15 ,XX, 
Q:401-Scr-trBa-2_t15 ,H1,
Q:401-Scr-trBa-1_t15 ,XX, 
Q:400-Scr-tcBa-4_t15 ,D1,
Q:400-Scr-tcBa-3_t15 ,D1,
Q:400-Scr-tcBa-2_t15 ,D1,
Q:394-Ext-clChB-5_t15 ,H1,
Q:397-Ext-tcBaB-5_t15 ,D1,
Q:397-Ext-tcBaB-4_t15 ,D1,
Q:397-Ext-tcBaB-2_t15 ,D1,
Q:400-Scr-tcBa-7_t15 ,H1,
Q:400-Scr-tcBa-5_t15 ,H1,
Q:399-Ext-ccBaB-3_t15 ,D1,
Q:394-Ext-clChB-4_t15 ,H1,
Q:399-Ext-ccBaB-2_t15 ,D1,
Q:397-Ext-tcBaB-3_t15 ,D1,
Q:397-Ext-tcBaB-1_t15 ,D1,
Q:398-Ext-tlBaB-6_t15 ,A1,
Q:394-Ext-clChB-3_t15 ,H1,
Q:398-Ext-tlBaB-4_t15 ,D1,
Q:398-Ext-tlBaB-3_t15 ,D1,
Q:398-Ext-tlBaB-2_t15 ,D1,
Q:398-Ext-tlBaB-1_t15 ,D1,
Q:395-Ext-trBaB-8_t15 ,A1,
Q:395-Ext-trBaB-7_t15 ,A1,
Q:395-Ext-trBaB-5_t15 ,A1,
Q:395-Ext-trBaB-4_t15 ,A1,
Q:395-Ext-trBaB-3_t15 ,XX, 
Q:395-Ext-trBaB-2_t15 ,D1,
Q:395-Ext-trBaB-1_t15 ,D1,
R:407-Ext-ChB-2_t15 ,H1,
R:408-Ext-ccRcB-8_t15 ,H1,
Q:396-Ext-tlBaB-7_t15 ,D1,
R:408-Ext-ccRcB-6_t15 ,H1,
R:408-Ext-ccRcB-5_t15 ,H1,
R:406-Ext-ChB-7_t15 ,XX, 
R:406-Ext-ChB-6_t15 ,XX, 
R:406-Ext-ChB-5_t15 ,D1,
R:406-Ext-ChB-4_t15 ,D1,
R:406-Ext-ChB-3_t15 ,D1,
R:406-Ext-ChB-2_t15 ,XX, 
Q:396-Ext-tlBaB-4_t15 ,D1,
R:406-Ext-ChB-1_t15 ,XX, 
R:408-Ext-ccRcB-7_t15 ,H1,
R:408-Ext-ccRcB-4_t15 ,H1,
R:408-Ext-ccRcB-3_t15 ,H1,
R:408-Ext-ccRcB-2_t15 ,H1,
R:408-Ext-ccRcB-1_t15 ,H1,
R:410-Ext-blFoBs-5_t15 ,D1,
R:410-Ext-blFoBs-4_t15 ,D1,
Q:396-Ext-tlBaB-2_t15 ,D1,
Q:394-Ext-clChB-1_t15 ,H1,
A:020-Ext-crChB-4_t00 ,C2,
B:091-Ext-blNoBs-3_t00 ,XX, 
B:091-Ext-blNoBs-2_t00 ,XX, 
B:089-Ext-clChBs-4_t00 ,F4,
B:089-Ext-clChBs-3_t00 ,F4,
B:089-Ext-clChBs-2_t00 ,F4,
B:089-Ext-clChBs-1_t00 ,F4,
B:088-Ext-ccChBs-3_t00 ,F4,
B:088-Ext-ccChBs-2_t00 ,F4,
B:087-Ext-brNoBs-4_t00 ,A1,
A:025-Ext-clChWp-1_t00 ,C1,
A:025-Ext-clChWp-2_t00 ,C1,
A:020-Ext-crChB-1_t00 ,C2,
A:020-Ext-crChB-2_t00 ,C2,
B:083-Ext-crNoBs-4_t00 ,F4,
B:083-Ext-crNoBs-3_t00 ,F4,
B:083-Ext-crNoBs-2_t00 ,H1,
B:083-Ext-crNoBs-1_t00 ,F4,
B:082-Ext-clNoBs-4_t00 ,A1,
B:082-Ext-clNoBs-3_t00 ,A1,
B:082-Ext-clNoBs-2_t00 ,XX, 
B:082-Ext-clNoBs-1_t00 ,A1,
B:080-Ext-RcBs-3_t00 ,XX, 
B:080-Ext-RcBs-2_t00 ,C1,
B:080-Ext-RcBs-1_t00 ,XX, 
B:079-Ext-lcFoBs-3_t00 ,F4,
B:079-Ext-lcFoBs-2_t00 ,H1,
B:079-Ext-lcFoBs-1_t00 ,F4,
B:078-Ext-trFoBp-3_t00 ,XX, 
B:078-Ext-trFoBp-2_t00 ,XX, 
B:078-Ext-trFoBp-1_t00 ,H1,
B:077-Scr-brBa-2_t00 ,H1,
B:077-Scr-brBa-1_t00 ,H1,
B:076-Scr-blBa-4_t00 ,H1,
B:076-Scr-blBa-3_t00 ,H1,
B:076-Scr-blBa-1_t00 ,XX, 
B:075-Scr-trBa-3_t00 ,H1,
B:075-Scr-trBa-2_t00 ,H1,
B:075-Scr-trBa-1_t00 ,XX, 
D:061-Scr-Ch-3_t00 ,F4,
B:073-Scr-Ch-4_t00 ,F4,
B:072-Scr-Rc-4_t00 ,XX, 
B:072-Scr-Rc-3_t00 ,XX, 
B:072-Scr-Rc-1_t00 ,F4,
B:071-Scr-Lc-4_t00 ,F4,
B:071-Scr-Lc-3_t00 ,XX, 
B:071-Scr-Lc-2_t00 ,XX, 
B:070-Scr-Fo-4_t00 ,F4,
B:070-Scr-Fo-2_t00 ,A1,
B:070-Scr-Fo-1_t00 ,F4,
A:009-Ext-trFoBs-4_t00 ,D1,
A:009-Ext-trFoBs-3_t00 ,D1,
A:009-Ext-trFoBs-2_t00 ,D1,
A:009-Ext-trFoBs-1_t00 ,D1,
A:007-Ext-bcFoBs-3_t00 ,C1,
A:007-Ext-bcFoBs-2_t00 ,D1,
A:007-Ext-bcFoBs-1_t00 ,D1,
A:004-Ext-clFoW-1_t00 ,D1,
A:004-Ext-clFoW-2_t00 ,D1,
A:004-Ext-clFoW-3_t00 ,D1,
A:004-Ext-clFoW-4_t00 ,D1,
A:046-Scr-Fo-1_t00 ,D1,
A:046-Scr-Fo-2_t00 ,D1,
A:047-Scr-Lc-2_t00 ,D1,
A:005-Ext-brFoBr-9_t00 ,D1,
A:005-Ext-brFoBr-8_t00 ,D1,
A:005-Ext-brFoBr-4_t00 ,D1,
A:005-Ext-brFoBr-3_t00 ,D1,
A:005-Ext-brFoBr-2_t00 ,D1,
A:005-Ext-brFoBr-19_t00 ,D1,
A:005-Ext-brFoBr-18_t00 ,D1,
A:005-Ext-brFoBr-17_t00 ,D1,
A:005-Ext-brFoBr-16_t00 ,D1,
A:005-Ext-brFoBr-15_t00 ,D1,
A:005-Ext-brFoBr-14_t00 ,D1,
A:005-Ext-brFoBr-13_t00 ,D1,
A:005-Ext-brFoBr-12_t00 ,D1,
A:005-Ext-brFoBr-11_t00 ,D1,
A:005-Ext-brFoBr-10_t00 ,D1,
A:005-Ext-brFoBr-1_t00 ,D1,
A:067-Scr-trBa-5_t00 ,A1,
A:067-Scr-trBa-6_t00 ,A1,
A:068-Scr-blBa-1_t00 ,A1,
D:062-Scr-tlBa-4_t00 ,A1,
A:021-Ext-brChBp-1_t00 ,A1,
A:066-Scr-tlBa-1_t00 ,A1,
A:066-Scr-tlBa-2_t00 ,A1,
A:066-Scr-tlBa-4_t00 ,A1,
A:067-Scr-trBa-2_t00 ,A1,
A:044-Ext-trFoB-8_t00 ,D1,
A:044-Ext-trFoB-4_t00 ,C1,
A:044-Ext-trFoB-3_t00 ,C1,
A:044-Ext-trFoB-2_t00 ,D1,
A:044-Ext-trFoB-1_t00 ,D1,
A:043-Ext-brChB-4_t00 ,D1,
A:043-Ext-brChB-3_t00 ,D1,
A:043-Ext-brChB-2_t00 ,D1,
A:041-Ext-brChB-8_t00 ,D1,
A:041-Ext-brChB-7_t00 ,D1,
A:041-Ext-brChB-6_t00 ,D1,
A:041-Ext-brChB-4_t00 ,D1,
A:041-Ext-brChB-3_t00 ,C2,
A:041-Ext-brChB-2_t00 ,D1,
A:041-Ext-brChB-14_t00 ,D1,
A:041-Ext-brChB-12_t00 ,D1,
A:041-Ext-brChB-11_t00 ,D1,
A:041-Ext-brChB-1_t00 ,D1,
A:040-Ext-trRcBt-4_t00 ,C1,
A:003-Ext-blFoB-4_t00 ,D1,
A:003-Ext-blFoB-3_t00 ,D1,
A:003-Ext-blFoB-2_t00 ,D1,
A:003-Ext-blFoB-1_t00 ,D1,
A:039-Ext-bcNoBl-4_t00 ,C1,
A:039-Ext-bcNoBl-3_t00 ,C1,
A:039-Ext-bcNoBl-1_t00 ,C1,
A:038-Ext-ccNoB-4_t00 ,C1,
A:038-Ext-ccNoB-2_t00 ,C1,
A:038-Ext-ccNoB-1_t00 ,C1,
A:037-Ext-ccNoBs-3_t00 ,C1,
A:037-Ext-ccNoBs-2_t00 ,C1,
A:037-Ext-ccNoBs-1_t00 ,C1,
A:035-Ext-trMoBs-5_t00 ,D1,
A:035-Ext-trMoBs-4_t00 ,D1,
A:035-Ext-trMoBs-3_t00 ,D1,
A:035-Ext-trMoBs-2_t00 ,D1,
A:035-Ext-trMoBs-1_t00 ,D1,
A:034-Ext-crNoBs-9_t00 ,D1,
A:034-Ext-crNoBs-6_t00 ,D1,
A:034-Ext-crNoBs-5_t00 ,C1,
A:034-Ext-crNoBs-3_t00 ,D1,
A:034-Ext-crNoBs-20_t00 ,D1,
A:034-Ext-crNoBs-2_t00 ,D1,
A:034-Ext-crNoBs-19_t00 ,D1,
A:034-Ext-crNoBs-18_t00 ,D1,
A:034-Ext-crNoBs-16_t00 ,C1,
A:034-Ext-crNoBs-15_t00 ,D1,
A:034-Ext-crNoBs-14_t00 ,D1,
A:034-Ext-crNoBs-13_t00 ,D1,
A:034-Ext-crNoBs-11_t00 ,C1,
A:034-Ext-crNoBs-10_t00 ,D1,
A:034-Ext-crNoBs-1_t00 ,D1,
A:033-Ext-crNoBs-9_t00 ,D1,
A:033-Ext-crNoBs-8_t00 ,C1,
A:033-Ext-crNoBs-7_t00 ,C1,
A:033-Ext-crNoBs-6_t00 ,C1,
A:033-Ext-crNoBs-4_t00 ,D1,
A:033-Ext-crNoBs-3_t00 ,C1,
A:033-Ext-crNoBs-2_t00 ,C1,
A:033-Ext-crNoBs-19_t00 ,C1,
A:033-Ext-crNoBs-18_t00 ,D1,
A:033-Ext-crNoBs-17_t00 ,C1,
A:033-Ext-crNoBs-13_t00 ,C1,
A:033-Ext-crNoBs-12_t00 ,C1,
A:033-Ext-crNoBs-1_t00 ,D1,
A:032-Ext-trNoBb-4_t00 ,C2,
A:032-Ext-trNoBb-3_t00 ,C2,
A:032-Ext-trNoBb-2_t00 ,C2,
A:032-Ext-trNoBb-1_t00 ,C2,
A:031-Ext-trNoBs-4_t00 ,D1,
A:031-Ext-trNoBs-3_t00 ,D1,
A:031-Ext-trNoBs-2_t00 ,D1,
A:031-Ext-trNoBs-1_t00 ,D1,
A:030-Ext-tlNoBs-4_t00 ,C2,
A:030-Ext-tlNoBs-3_t00 ,D1,
A:030-Ext-tlNoBs-2_t00 ,D1,
A:030-Ext-tlNoBs-1_t00 ,D1,
A:002-Ext-blFoB-4_t00 ,D1,
A:002-Ext-blFoB-3_t00 ,D1,
A:002-Ext-blFoB-2_t00 ,C1,
A:029-Ext-tlNoBs-3_t00 ,C1,
A:029-Ext-tlNoBs-2_t00 ,D1,
A:028-Ext-tlMoWd-4_t00 ,D1,
A:028-Ext-tlMoWd-2_t00 ,D1,
A:028-Ext-tlMoWd-1_t00 ,D1,
A:027-Ext-tlLcWr-5_t00 ,C1,
A:027-Ext-tlLcWr-4_t00 ,C1,
A:027-Ext-tlLcWr-2_t00 ,C1,
A:027-Ext-tlLcWr-1_t00 ,C1,
A:026-Ext-clMoB-4_t00 ,D1,
A:026-Ext-clMoB-3_t00 ,D1,
A:026-Ext-clMoB-2_t00 ,D1,
A:026-Ext-clMoB-1_t00 ,D1,
B:092-Scr-Nk-3_t00 ,XX, 
D:058-Scr-Fo-1_t00 ,A1,
D:058-Scr-Fo-2_t00 ,F4,
D:058-Scr-Fo-3_t00 ,F4,
D:058-Scr-Fo-4_t00 ,F4,
D:059-Scr-Lc-1_t00 ,A2,
D:059-Scr-Lc-2_t00 ,H1,
D:059-Scr-Lc-3_t00 ,H1,
D:059-Scr-Lc-4_t00 ,XX, 
D:060-Scr-Rc-1_t00 ,H1,
D:060-Scr-Rc-2_t00 ,A2,
D:060-Scr-Rc-3_t00 ,H1,
D:060-Scr-Rc-4_t00 ,A1,
B:092-Scr-Nk-1_t00 ,XX, 
B:092-Scr-Nk-2_t00 ,XX, 
A:001-Ext-tcNoW-4_t00 ,D1,
A:001-Ext-tcNoW-3_t00 ,D1,
A:001-Ext-tcNoW-2_t00 ,C1,
A:019-Ext-trChBy-4_t00 ,C2,
A:019-Ext-trChBy-3_t00 ,D1,
A:019-Ext-trChBy-2_t00 ,D1,
A:019-Ext-trChBy-1_t00 ,A1,
A:017-Ext-crMoB-1_t00 ,D1,
A:015-Ext-bcRcBs-4_t00 ,D1,
A:015-Ext-bcRcBs-2_t00 ,D1,
A:015-Ext-bcRcBs-1_t00 ,D1,
A:014-Ext-blRcB-4_t00 ,C1,
A:014-Ext-blRcB-3_t00 ,C1,
A:014-Ext-blRcB-2_t00 ,C1,
A:014-Ext-blRcB-1_t00 ,C1,
A:013-Ext-blRcB-4_t00 ,C1,
A:013-Ext-blRcB-3_t00 ,C1,
A:013-Ext-blRcB-2_t00 ,C1,
A:013-Ext-blRcB-1_t00 ,C1,
A:012-Ext-ccRcBs-4_t00 ,A1,
A:012-Ext-ccRcBs-3_t00 ,D1,
A:012-Ext-ccRcBs-2_t00 ,A1,
A:012-Ext-ccRcBs-1_t00 ,A1,
A:011-Ext-ccRcBp-4_t00 ,D1,
A:011-Ext-ccRcBp-3_t00 ,D1,
A:011-Ext-ccRcBp-2_t00 ,D1,
A:011-Ext-ccRcBp-1_t00 ,D1,
A:010-Ext-blFoW-4_t00 ,A1,
A:010-Ext-blFoW-3_t00 ,A1,
A:010-Ext-blFoW-1_t00 ,A1,
A:413-Scr-Rc-1_t35 ,C2,
A:412-Scr-Lc-1_t35 ,D1,
A:416-Scr-tlBa-1_t35 ,A1,
A:411-Scr-Fo-2_t35 ,D1,
A:413-Scr-Rc-2_t35 ,D1,
A:412-Scr-Lc-2_t35 ,C1,
A:416-Scr-tlBa-2_t35 ,A1,
A:411-Scr-Fo-3_t35 ,XX, 
A:412-Scr-Lc-3_t35 ,C2,
A:416-Scr-tlBa-3_t35 ,A1,
A:411-Scr-Fo-4_t35 ,XX, 
A:413-Scr-Rc-4_t35 ,C1,
A:412-Scr-Lc-4_t35 ,C2,
A:416-Scr-tlBa-4_t35 ,A1,
A:411-Scr-Fo-5_t35 ,XX, 
A:413-Scr-Rc-5_t35 ,C1,
A:414-Scr-Ch-1_t35 ,C1,
A:417-Scr-blBa-1_t35 ,A1,
A:411-Scr-Fo-6_t35 ,D1,
A:413-Scr-Rc-6_t35 ,C2,
A:414-Scr-Ch-2_t35 ,C2,
A:417-Scr-blBa-2_t35 ,A1,
A:411-Scr-Fo-7_t35 ,XX, 
A:413-Scr-Rc-7_t35 ,D1,
A:414-Scr-Ch-3_t35 ,C1,
A:417-Scr-blBa-3_t35 ,A1,
A:411-Scr-Fo-8_t35 ,XX, 
A:413-Scr-Rc-8_t35 ,D1,
A:414-Scr-Ch-4_t35 ,D1,
A:417-Scr-blBa-4_t35 ,A1,
A:411-Scr-Fo-9_t35 ,XX, 
A:413-Scr-Rc-9_t35 ,C1,
A:415-Scr-trBa-1_t35 ,C2,
A:418-Scr-brBa-1_t35 ,XX, 
A:411-Scr-Fo-10_t35 ,XX, 
A:413-Scr-Rc-10_t35 ,C1,
A:415-Scr-trBa-2_t35 ,D1,
A:418-Scr-brBa-2_t35 ,A1,
A:411-Scr-Fo-11_t35 ,XX, 
A:413-Scr-Rc-11_t35 ,D1,
A:415-Scr-trBa-3_t35 ,A1,
A:418-Scr-brBa-3_t35 ,A1,
A:411-Scr-Fo-12_t35 ,D1,
A:413-Scr-Rc-12_t35 ,C1,
A:415-Scr-trBa-4_t35 ,C1,
A:418-Scr-brBa-4_t35 ,A1,
B:090-Ext-crChBs-4_t00 ,F4,
A:016-Ext-trRcBl-1_t00 ,C1,
A:016-Ext-trRcBl-3_t00 ,C1,
A:016-Ext-trRcBl-4_t00 ,C1,
B:090-Ext-crChBs-1_t00 ,F4,
B:090-Ext-crChBs-2_t00 ,F4,
B:090-Ext-crChBs-3_t00 ,C1,
A:434-Scr-Rc-1_t60 ,C1,
A:434-Scr-Rc-2_t60 ,D1,
A:434-Scr-Rc-3_t60 ,C1,
A:434-Scr-Rc-4_t60 ,D1,
A:434-Scr-Rc-5_t60 ,D1,
A:434-Scr-Rc-6_t60 ,C1,
A:438-Scr-Fo-1_t60 ,D1,
A:438-Scr-Fo-3_t60 ,D1,
A:438-Scr-Fo-4_t60 ,C1,
A:438-Scr-Fo-5_t60 ,D1,
A:438-Scr-Fo-6_t60 ,D1,
A:442-Scr-trBa-1_t60 ,A1,
A:442-Scr-trBa-2_t60 ,XX, 
A:442-Scr-trBa-3_t60 ,A1,
A:442-Scr-trBa-4_t60 ,XX, 
A:442-Scr-trBa-5_t60 ,D1,
A:442-Scr-trBa-6_t60 ,A1,
A:440-Scr-Ch-1_t60 ,C2,
A:440-Scr-Ch-2_t60 ,D1,
A:440-Scr-Ch-3_t60 ,C1,
A:444-Scr-tlBa-1_t60 ,A1,
A:444-Scr-tlBa-2_t60 ,A1,
A:444-Scr-tlBa-3_t60 ,A1,
A:444-Scr-tlBa-4_t60 ,A1,
A:444-Scr-tlBa-5_t60 ,A1,
A:435-Scr-Rc-7_t60 ,C2,
A:435-Scr-Rc-8_t60 ,D1,
A:444-Scr-tlBa-6_t60 ,D1,
A:435-Scr-Rc-9_t60 ,D1,
A:435-Scr-Rc-10_t60 ,C2,
A:435-Scr-Rc-11_t60 ,D1,
A:435-Scr-Rc-12_t60 ,C2,
A:437-Scr-Lc-1_t60 ,C2,
A:437-Scr-Lc-2_t60 ,C1,
A:437-Scr-Lc-3_t60 ,C2,
A:437-Scr-Lc-4_t60 ,C2,
A:437-Scr-Lc-6_t60 ,D1,
A:437-Scr-Lc-7_t60 ,C2,
A:437-Scr-Lc-10_t60 ,C2,
A:437-Scr-Lc-11_t60 ,C2,
A:437-Scr-Lc-12_t60 ,C2,
A:439-Scr-Fo-7_t60 ,D1,
A:439-Scr-Fo-8_t60 ,D1,
A:439-Scr-Fo-9_t60 ,C2,
A:439-Scr-Fo-11_t60 ,D1,
A:441-Scr-Ch-7_t60 ,D1,
A:441-Scr-Ch-9_t60 ,D1,
A:441-Scr-Ch-10_t60 ,C2,
A:441-Scr-Ch-11_t60 ,C2,
A:441-Scr-Ch-12_t60 ,D1,
A:443-Scr-trBa-7_t60 ,A1,
A:443-Scr-trBa-8_t60 ,A1,
A:443-Scr-trBa-9_t60 ,A1,
A:443-Scr-trBa-10_t60 ,A1,
A:443-Scr-trBa-11_t60 ,A1,
A:443-Scr-trBa-12_t60 ,A1,
A:444-Scr-tlBa-7_t60 ,A1,
A:444-Scr-tlBa-8_t60 ,A1,
A:444-Scr-tlBa-9_t60 ,A1,
A:444-Scr-tlBa-10_t60 ,D1,
A:444-Scr-tlBa-11_t60 ,D1,
A:444-Scr-tlBa-12_t60 ,D1,
A:444-Scr-tlBa-13_t60 ,A1,
A:444-Scr-tlBa-14_t60 ,A1,
A:444-Scr-tlBa-15_t60 ,D1,
A:443-Scr-trBa-13_t60 ,A1,
A:443-Scr-trBa-14_t60 ,A1,
A:443-Scr-trBa-15_t60 ,A1,
A:441-Scr-Ch-13_t60 ,D1,
A:441-Scr-Ch-14_t60 ,D1,
A:441-Scr-Ch-15_t60 ,D1,
A:439-Scr-Fo-13_t60 ,C1,
A:439-Scr-Fo-15_t60 ,D1,
A:434-Scr-Rc-13_t60 ,D1,
A:434-Scr-Rc-14_t60 ,C1,
A:434-Scr-Rc-15_t60 ,C1,
A:438-Scr-Fo-16_t60 ,D1,
A:438-Scr-Fo-17_t60 ,C1,