subject_letter,subject_number,num_colonies,num_scrape_samples_multcol,num_scrape_samples_singcol,num_pore_singpore_multcol,num_pore_singpore_singcol,num_pore_multpore_multcol,num_pore_multpore_singcol, 
A, 1,439, 40, 5, 51, 24, 15, 2, 
B, 2,96, 17, 2, 1, 1, 8, 0, 
F, 3,82, 5, 5, 21, 10, 1, 0, 
H, 4,46, 9, 0, 0, 0, 0, 0, 
Q, 5,38, 5, 0, 6, 0, 0, 0, 
L, 6,31, 8, 0, 0, 0, 0, 0, 
I, 7,30, 9, 0, 0, 0, 0, 0, 
R, 8,30, 0, 0, 4, 0, 2, 0, 
N, 9,27, 7, 1, 0, 0, 0, 0, 
O, 10,26, 6, 2, 0, 0, 0, 0, 
K, 11,23, 6, 0, 0, 0, 0, 0, 
M, 12,23, 6, 0, 0, 0, 0, 0, 
J, 13,20, 5, 0, 0, 0, 0, 0, 
D, 14,17, 4, 1, 0, 0, 0, 0, 
C, 15,11, 4, 2, 0, 0, 0, 0, 
E, 16,8, 3, 2, 0, 0, 0, 0, 
