Lineage_7a,,,,,,,,,,,,,,,,,,,,,,,,,,,,
,,,,,,,sample_name_regular,I:339-Scr-clNo-4_t11,I:336-Scr-trBa-2_t11,I:339-Scr-clNo-3_t11,I:339-Scr-clNo-1_t11,I:336-Scr-trBa-4_t11,I:336-Scr-trBa-3_t11,I:336-Scr-trBa-1_t11,I:333-Scr-crRc-4_t11,I:333-Scr-crRc-3_t11,I:333-Scr-crRc-1_t11,I:334-Scr-clLc-1_t11,I:333-Scr-crRc-2_t11,I:332-Scr-Lc-4_t11,I:332-Scr-Lc-3_t11,I:331-Scr-Rc-5_t11,I:330-Scr-Fo-2_t11,I:340-Scr-ccBa-6_t11,I:340-Scr-ccBa-1_t11,I:340-Scr-ccBa-4_t11,I:340-Scr-ccBa-3_t11,
,,,,,,,sample_name_simple,subj-7_scrape-339_col-1,subj-7_scrape-336_col-1,subj-7_scrape-339_col-2,subj-7_scrape-339_col-3,subj-7_scrape-336_col-2,subj-7_scrape-336_col-3,subj-7_scrape-336_col-4,subj-7_scrape-333_col-1,subj-7_scrape-333_col-2,subj-7_scrape-333_col-3,subj-7_scrape-334_col-3,subj-7_scrape-333_col-4,subj-7_scrape-332_col-1,subj-7_scrape-332_col-2,subj-7_scrape-331_col-2,subj-7_scrape-330_col-4,subj-7_scrape-340_col-1,subj-7_scrape-340_col-2,subj-7_scrape-340_col-3,subj-7_scrape-340_col-4,
,,,,,,,subject,7,7,7,7,7,7,7,7,7,7,7,7,7,7,7,7,7,7,7,7,
,,,,,,,sampling_method,scrape,scrape,scrape,scrape,scrape,scrape,scrape,scrape,scrape,scrape,scrape,scrape,scrape,scrape,scrape,scrape,scrape,scrape,scrape,scrape,
,,,,,,,pore_multiplicity,scrape,scrape,scrape,scrape,scrape,scrape,scrape,scrape,scrape,scrape,scrape,scrape,scrape,scrape,scrape,scrape,scrape,scrape,scrape,scrape,
,,,,,,,sample_number,339,336,339,339,336,336,336,333,333,333,334,333,332,332,331,330,340,340,340,340,
,,,,,,,colony_number,1,1,2,3,2,3,4,1,2,3,3,4,1,2,2,4,1,2,3,4,
,,,,,,,sebaceous_skin_region,nose,back,nose,nose,back,back,back,right_cheek,right_cheek,right_cheek,left_cheek,right_cheek,left_cheek,left_cheek,right_cheek,forehead,back,back,back,back,
,,,,,,,time_in_months,11,11,11,11,11,11,11,11,11,11,11,11,11,11,11,11,11,11,11,11,
,,,,,,,median_coverage,144,32,168,72,36,40,52,52,52,24,100,36,20,16,88,32,168,124,176,72,
,,,,,,,read_length,75,75,75,75,75,75,75,75,75,75,75,75,75,75,75,75,75,75,75,75,
,,,,,,,plasmid_presence,0,1,0,0,1,1,1,0,0,0,0,0,0,0,0,0,0,0,0,1,
,,,,,,,transposon_presence,0,0,0,0,0,0,0,0,0,0,0,0,0,0,0,0,0,0,0,0,
position_on_ref_genome,protein_id,locus_tag,annontation,mutation_type,mutation_info,ancestral_allele,,,,,,,,,,,,,,,,,,,,,,
6729,,,intergenic; -336-PAC1_RS11925 200-PAC1_RS11930,I,,C,,T,C,T,T,C,C,C,C,C,C,C,C,C,C,C,C,C,C,C,C,
88173,WP_002517298.1,PAC1_RS00400,glycogen/starch/alpha-glucan familyphosphorylase,S,,G,,G,G,G,G,G,G,G,G,G,G,G,G,G,A,G,G,G,G,G,G,
107371,WP_002519854.1,PAC1_RS00475,hypothetical protein,S,,G,,G,G,G,G,N,G,G,C,G,N,C,G,N,G,C,G,G,G,C,G,
107734,WP_002519854.1,PAC1_RS00475,hypothetical protein,S,,C,,C,C,C,C,C,C,C,C,C,C,T,C,C,C,C,C,C,C,C,C,
118582,WP_002535452.1,PAC1_RS00515,VWA domain-containing protein,N,W446*,C,,C,C,C,C,N,C,C,C,T,C,C,C,C,C,C,C,C,C,C,C,
232354,WP_015011322.1,PAC1_RS00985,Stk1 family PASTA domain-containing Ser/Thrkinase,S,,C,,C,C,C,C,C,C,C,C,C,C,C,C,G,N,C,C,C,C,C,C,
268337,WP_002519955.1,PAC1_RS01130,threonine/serine exporter family protein,S,,G,,G,G,G,G,G,G,G,G,G,G,G,G,N,C,G,G,G,G,G,G,
277185,,PAC1_RS01160,isoleucine--tRNA ligase,S,,T,,T,N,T,T,T,T,T,T,T,T,T,T,T,T,T,T,T,G,T,T,
316066,WP_002517045.1,PAC1_RS01370,hypothetical protein,N,R155S,C,,C,C,C,C,C,C,C,C,G,G,C,C,N,C,C,C,C,C,C,C,
337747,WP_002517209.1,PAC1_RS01485,DUF979 domain-containing protein,N,V158A,A,,A,A,A,A,A,A,A,A,A,A,A,A,A,A,A,A,A,G,A,A,
362757,WP_002517081.1,PAC1_RS01610,ferrochelatase,N,S390R,C,,C,C,C,C,C,C,C,C,C,N,C,C,C,N,C,C,C,C,A,C,
387415,WP_041446274.1,PAC1_RS01730,ABC transporter substrate-binding protein,S,,G,,G,G,G,G,G,G,G,A,G,G,G,G,G,G,G,G,G,G,G,G,
586951,,,intergenic; 24-PAC1_RS02725 -12-PAC1_RS02730,I,,G,,G,G,G,G,G,G,G,G,G,G,G,G,G,C,G,G,G,G,G,G,
595179,WP_002518816.1,PAC1_RS02775,transcription-repair coupling factor,N,L656P,T,,T,T,T,T,T,T,T,T,T,C,T,T,T,T,T,T,T,T,T,T,
628184,WP_002514130.1,PAC1_RS02935,exodeoxyribonuclease 7 small subunit,N,G35R,C,,C,C,C,C,N,N,C,C,C,C,C,C,C,N,C,C,C,T,C,C,
630042,WP_002519220.1,PAC1_RS02945,phosphoesterase,N,T739A,T,,T,N,T,T,T,T,T,T,T,N,T,T,T,T,T,T,T,C,T,T,
632031,WP_002519220.1,PAC1_RS02945,phosphoesterase,N,G76R,C,,C,C,C,C,C,C,C,C,C,C,C,C,N,C,C,C,C,C,C,T,
690646,WP_002515208.1,PAC1_RS03220,Re/Si-specific NAD(P)(+) transhydrogenasesubunit alpha,S,,C,,C,N,C,C,C,C,C,C,C,T,C,C,C,C,C,C,C,C,C,C,
887829,,,intergenic; -18-PAC1_RS04195 138-PAC1_RS04200,I,,C,,C,C,C,C,C,C,C,C,C,C,C,C,T,C,C,C,C,C,C,C,
921605,WP_002515684.1,PAC1_RS04345,TIGR03960 family B12-binding radical SAMprotein,S,,C,,C,C,C,C,C,C,C,C,C,C,C,C,C,C,C,C,C,C,C,T,
929777,WP_015011478.1,PAC1_RS04380,DHA2 family efflux MFS transporter permeasesubunit,N,D213A,A,,A,A,A,A,A,A,A,A,A,A,A,A,N,C,A,A,A,A,A,A,
941218,WP_002515505.1,PAC1_RS04455,ABC transporter ATP-binding protein,N,E149A,T,,N,G,T,T,T,N,T,T,T,N,T,T,T,N,T,T,T,T,T,T,
1043941,WP_002515607.1,PAC1_RS04945,DNA primase,S,,G,,G,A,G,G,A,N,A,G,G,G,G,G,G,G,G,G,G,G,G,G,
1052448,WP_002515681.1,PAC1_RS04985,PLP-dependent aminotransferase family protein,S,,A,,A,A,A,A,A,A,A,A,A,T,A,A,N,A,A,A,A,A,A,A,
1065423,WP_015011509.1,PAC1_RS05050,VWA domain-containing protein,S,,C,,C,C,C,C,C,C,C,C,T,N,C,C,C,C,C,C,C,C,C,C,
1122845,WP_002520479.1,PAC1_RS05300,ATP-dependent RNA helicase HrpA,N,D978H,G,,G,G,G,G,G,G,G,G,G,G,G,G,G,C,G,G,G,G,G,G,
1291948,WP_002516799.1,PAC1_RS06065,Holliday junction resolvase RuvX,S,,C,,C,C,C,C,C,C,C,C,C,A,C,C,C,C,C,C,C,C,C,C,
1310022,,,intergenic; 40-PAC1_RS06160 -243-PAC1_RS06165,I,,C,,C,C,C,C,N,T,C,N,C,C,C,C,N,C,C,C,C,C,C,C,
1352439,WP_002517950.1,PAC1_RS06395,ATP synthase subunit beta,S,,C,,C,A,C,C,A,N,A,C,C,C,C,C,C,C,C,N,C,C,C,C,
1371426,WP_041445660.1,PAC1_RS06495,DUF2029 domain-containing protein,N,K235E,A,,A,G,A,A,N,N,A,N,A,A,A,A,N,A,A,N,A,A,A,A,
1378207,WP_002516828.1,PAC1_RS06520,sensor histidine kinase,S,,A,,A,A,A,A,G,A,A,A,A,N,A,N,N,N,A,A,A,A,A,A,
1380594,WP_002518901.1,PAC1_RS06535,DoxX family membrane protein,S,,C,,C,T,C,C,N,C,C,C,N,C,C,C,C,C,C,C,C,C,C,C,
1392553,WP_002518897.1,PAC1_RS12555,hypothetical protein,N,V168G,T,,T,T,T,T,T,T,T,T,T,N,T,T,T,G,T,T,T,T,T,T,
1452272,WP_041446307.1,PAC1_RS06830,NAD-glutamate dehydrogenase,S,,A,,A,A,A,A,A,A,A,A,A,N,G,A,N,A,A,N,A,A,A,A,
1479257,WP_002516381.1,PAC1_RS06950,acetylglutamate kinase,S,,A,,A,A,A,A,A,A,A,A,A,A,A,A,C,N,A,A,A,A,A,A,
1503738,WP_002516482.1,PAC1_RS07110,imidazole glycerol phosphate synthase subunitHisF,S,,G,,G,G,G,G,G,G,G,G,G,G,G,G,N,G,G,G,G,G,A,G,
1560284,WP_015011633.1,PAC1_RS07410,hypothetical protein,N,V15A,T,,T,T,T,T,T,T,T,T,T,T,T,T,T,T,T,T,T,T,T,C,
1618585,WP_002520230.1,PAC1_RS07700,PTS sorbitol transporter subunit IIB,N,N239S,A,,A,A,A,A,A,A,A,A,A,A,A,G,A,N,A,A,A,A,A,A,
1692283,WP_002518400.1,PAC1_RS08050,ABC transporter ATP-binding protein,N,R18G,A,,A,A,A,A,A,A,A,A,A,A,A,A,A,A,A,A,A,G,A,A,
1694325,WP_002519276.1,PAC1_RS08060,cytochrome oxidase assembly protein,S,,C,,C,N,C,C,C,N,C,C,N,T,C,N,N,N,C,C,C,C,C,C,
1750222,WP_015011672.1,PAC1_RS08290,FAD-binding oxidoreductase,N,T194I,C,,C,C,C,C,C,C,C,T,C,C,C,C,C,N,C,C,C,C,C,C,
1786908,,,intergenic; 36-PAC1_RS08425 38-PAC1_RS08430,I,,C,,C,N,C,N,T,N,C,C,C,N,C,N,C,C,C,C,C,C,C,C,
1798240,WP_002516148.1,PAC1_RS08490,DNA polymerase IV,S,,A,,A,A,A,A,G,A,A,A,A,A,A,A,A,N,A,N,A,A,A,A,
1900281,WP_002519617.1,PAC1_RS08955,glutamine-hydrolyzing GMP synthase,N,P154L,G,,G,G,G,G,G,G,G,G,G,G,G,A,G,G,G,G,G,G,G,G,
1945168,WP_002520611.1,PAC1_RS09155,hypothetical protein,N,I182S,T,,T,T,T,T,T,T,T,G,T,T,T,T,N,N,T,T,T,T,T,T,
1971266,WP_041446247.1,PAC1_RS09290,MFS transporter,S,,C,,C,N,C,N,T,C,C,C,C,C,C,C,N,N,C,C,C,C,C,C,
2049548,WP_002515421.1,PAC1_RS09710,precorrin-6A synthase (deacetylating),N,I164T,A,,A,A,A,A,A,A,A,A,A,G,A,A,A,A,A,A,A,A,A,A,
2061642,WP_002515430.1,PAC1_RS09755,NADH-quinone oxidoreductase subunit G,N,R40P,C,,C,C,C,C,C,C,C,G,C,C,G,C,G,C,G,C,C,C,G,C,
2068298,WP_002519590.1,PAC1_RS09790,geranylgeranyl reductase family protein,S,,G,,G,G,G,G,G,G,G,G,G,G,G,G,G,A,G,G,G,G,G,G,
2069250,,,intergenic; 149-PAC1_RS09795 -51-PAC1_RS09800,I,,C,,C,C,C,C,C,C,C,C,C,C,C,C,C,T,C,C,C,C,C,C,
2091069,WP_002519579.1,PAC1_RS09900,right-handed parallel beta-helixrepeat-containing protein,S,,C,,C,C,C,C,C,C,C,C,C,C,C,N,N,N,C,N,C,C,C,T,
2102913,WP_002515417.1,PAC1_RS09960,sugar ABC transporter permease,N,S189F,G,,G,G,G,G,G,G,G,G,G,G,G,G,G,A,G,G,G,G,G,G,
2104111,WP_002515410.1,PAC1_RS09965,carbohydrate ABC transporter substrate-bindingprotein,S,,G,,G,A,G,G,A,A,A,G,G,G,G,G,N,N,G,N,G,G,G,G,
2106348,,,intergenic; -59-PAC1_RS09975 26-PAC1_RS09980,I,,G,,G,G,G,G,G,G,G,G,G,G,G,A,G,G,G,G,G,G,G,G,
2164989,WP_051006111.1,PAC1_RS10220,MFS transporter,S,,A,,A,A,A,A,A,A,A,A,A,A,A,A,A,G,A,A,A,A,A,A,
2361177,WP_015011797.1,PAC1_RS11205,serine--tRNA ligase,S,,T,,T,T,T,T,T,T,T,T,T,T,T,G,T,T,T,T,T,T,T,T,
2394207,WP_002519742.1,PAC1_RS11385,chloride channel protein,N,G80S,G,,G,G,G,G,G,G,G,G,G,G,G,N,G,A,G,G,G,G,G,G,
2425244,WP_002518511.1,PAC1_RS11500,dihydrodipicolinate reductase,N,K191N,G,,G,G,G,G,G,G,G,G,G,G,G,T,N,G,G,G,G,G,G,G,
2425906,WP_002512626.1,PAC1_RS11505,hypothetical protein,S,,C,,C,C,C,C,C,C,C,C,C,C,C,C,C,C,C,C,C,C,A,C,
2510510,WP_002518544.1,PAC1_RS13200,hypothetical protein,N,A88T,G,,G,G,G,G,G,G,G,G,G,G,G,G,A,G,G,G,G,G,G,G,
