Lineage_14a,,,,,,,,,,,,,
,,,,,,,sample_name_simple,subj-14_scrape-62_col-1,subj-14_scrape-62_col-2,subj-14_scrape-62_col-3,subj-14_scrape-58_col-1,subj-14_scrape-60_col-4,
position_on_ref_genome,protein_id,locus_tag,annontation,mutation_type,mutation_info,ancestral_allele,,,,,,,
66215,WP_015011284.1,PAC1_RS00315,glycoside hydrolase family 125 protein,S,,C,,T,T,C,C,C,
91013,WP_002515718.1,PAC1_RS00410,membrane protein,N,R171Q,C,,C,C,C,T,C,
471400,WP_015011377.1,PAC1_RS02155,ABC transporter ATP-binding protein,N,V208I,G,,G,G,G,A,G,
561856,WP_041446280.1,PAC1_RS02600,NarK/NasA family nitrate transporter,N,F280S,A,,G,G,A,A,A,
709354,,,intergenic; -2-PAC1_RS03310 147-PAC1_RS03315,I,,C,,C,C,C,T,C,
787919,WP_002515220.1,PAC1_RS03675,hypothetical protein,N,R96Q,C,,T,T,C,C,C,
962181,,,intergenic; 72-PAC1_RS04580 -16-PAC1_RS04585,I,,C,,C,C,C,T,C,
1120573,WP_002520479.1,PAC1_RS05300,ATP-dependent RNA helicase HrpA,S,,C,,C,C,C,T,C,
1370735,WP_041445660.1,PAC1_RS06495,DUF2029 domain-containing protein,S,,C,,C,C,C,C,T,
1463591,WP_002519426.1,PAC1_RS06860,membrane protein,N,S268Y,G,,T,T,G,G,G,
1569533,WP_051006106.1,PAC1_RS07460,hypothetical protein,N,V305L,C,,C,C,C,C,G,
1859023,WP_002515996.1,PAC1_RS08785,ribonuclease HI,S,,C,,T,T,C,C,C,
2007885,WP_015011732.1,PAC1_RS09500,hypothetical protein,N,T153A,T,,T,T,C,T,T,
2176492,WP_002516256.1,PAC1_RS10260,DNA-binding response regulator,N,V211I,G,,G,G,G,G,A,
2214847,WP_015011771.1,PAC1_RS10445,ABC transporter ATP-binding protein,N,M451K,A,,T,T,A,A,A,
2280366,WP_002543514.1,PAC1_RS10785,polysaccharide deacetylase family protein,N,R274G,C,,G,G,C,C,C,
