chr,pos,Z_inferred_ancestor,Z_J^326-Scr-clNo-6_t11,Z_J^323-Scr-Rc-7_t11,Z_J^329-Scr-tlBa-2_t11,Z_J^326-Scr-clNo-5_t11,Z_J^322-Scr-Fo-5_t11,Z_J^326-Scr-clNo-4_t11,Z_J^322-Scr-Fo-4_t11,Z_J^326-Scr-clNo-3_t11,Z_J^326-Scr-clNo-2_t11,Z_J^322-Scr-Fo-2_t11,Z_J^326-Scr-clNo-1_t11,Z_J^327-Scr-Ch-1_t11,Z_J^323-Scr-Rc-5_t11,Z_J^327-Scr-Ch-3_t11,Z_J^323-Scr-Rc-1_t11,Z_J^327-Scr-Ch-2_t11,Z_J^323-Scr-Rc-2_t11
1,3581,T,C,T,N,T,T,C,T,T,T,T,T,T,T,T,T,T,T
1,115782,G,G,G,G,G,G,G,G,G,G,A,G,G,G,G,G,G,G
1,156256,G,G,G,G,G,G,G,G,G,G,G,G,A,G,G,G,A,G
1,161735,C,T,C,N,T,C,T,C,T,T,C,T,C,C,C,C,C,C
1,222944,G,G,G,A,G,G,G,G,G,G,G,G,G,G,G,G,G,G
1,224559,G,G,G,N,G,G,G,G,G,G,G,G,G,A,G,G,G,G
1,230379,G,G,G,G,G,G,G,G,G,G,A,G,G,G,G,G,G,G
1,233737,T,T,T,A,T,T,T,T,T,T,T,T,T,T,T,T,T,T
1,241904,C,C,C,G,C,C,C,C,C,C,C,C,C,C,C,C,C,C
1,332125,T,T,T,G,T,T,T,T,T,T,T,T,T,T,T,T,T,T
1,383405,A,A,A,C,A,A,A,A,A,A,A,A,A,A,A,A,A,A
1,394879,T,T,T,C,T,T,T,T,T,T,T,T,T,T,T,T,T,T
1,598350,G,G,G,N,G,G,G,G,G,G,G,G,A,G,G,G,A,G
1,626262,C,C,C,C,C,C,C,T,C,C,C,C,C,C,C,C,C,C
1,725711,A,A,A,A,A,A,A,A,G,G,A,A,A,A,A,A,A,A
1,756484,T,T,T,T,T,T,T,T,T,T,T,T,T,A,T,T,T,T
1,760362,T,C,N,N,C,C,N,C,C,C,C,C,N,C,C,N,T,C
1,785468,A,A,A,N,A,A,A,A,A,A,A,A,A,N,A,A,G,A
1,828433,A,A,A,A,A,A,A,A,A,A,A,A,G,A,A,A,G,A
1,836168,G,G,G,T,G,G,G,G,G,G,G,G,G,G,G,G,G,G
1,837422,A,G,A,N,G,A,G,A,G,G,A,G,A,A,A,A,A,A
1,1031434,G,G,G,G,G,G,G,G,G,G,G,G,G,G,G,A,G,G
1,1072677,C,C,T,N,C,T,C,C,C,C,C,C,C,C,C,C,C,C
1,1076542,G,G,G,G,G,G,G,G,G,G,G,G,G,G,G,A,G,G
1,1139243,A,A,A,N,A,A,A,A,A,A,G,A,A,A,G,A,A,G
1,1149592,C,C,C,C,C,C,C,C,T,T,C,C,C,C,C,C,C,C
1,1161256,C,C,C,C,C,C,C,A,C,C,C,C,C,C,C,C,C,C
1,1245068,T,T,T,C,T,T,T,T,T,T,T,T,T,T,T,T,T,T
1,1292030,G,G,G,G,G,G,G,A,G,G,G,G,G,G,G,G,G,G
1,1358674,C,C,C,N,C,C,C,C,C,C,T,C,C,C,C,C,C,C
1,1372913,C,C,C,T,C,C,C,C,C,C,C,C,C,C,C,C,C,C
1,1464817,G,G,G,N,G,G,G,G,G,G,G,G,T,G,G,G,T,G
1,1534278,C,C,C,N,C,C,C,C,C,C,T,C,C,C,C,C,C,C
1,1551775,C,C,C,C,C,C,C,C,C,C,C,C,C,T,C,C,C,C
1,1588224,C,C,C,C,C,C,C,C,C,C,C,A,C,C,C,C,C,C
1,1624311,A,A,A,A,A,A,A,A,A,A,A,A,A,A,A,A,A,G
1,1715905,C,T,C,C,T,C,T,C,T,T,C,T,C,C,C,C,C,C
1,1832246,C,C,C,A,C,C,C,C,C,C,C,C,C,C,C,C,C,C
1,1834194,G,G,G,G,G,G,G,G,G,G,G,G,G,G,G,A,G,G
1,1924237,T,T,T,G,T,T,T,T,T,T,T,T,T,T,T,T,T,T
1,1992934,A,A,A,C,A,A,A,A,A,A,A,A,A,A,A,A,A,A
1,2041395,C,C,C,C,C,C,C,C,C,C,C,C,A,C,C,C,A,C
1,2068177,C,C,C,T,C,C,C,C,C,C,C,C,C,C,C,C,C,C
1,2091490,A,A,A,T,A,A,A,A,A,A,A,A,A,A,A,A,A,A
1,2102133,G,G,G,G,G,G,G,A,G,G,G,G,G,G,G,G,G,G
1,2123064,C,G,C,N,G,C,G,C,G,G,C,G,C,C,C,C,C,C
1,2127856,G,G,G,G,G,G,G,G,G,G,G,G,G,G,G,A,G,G
1,2145701,G,G,G,G,G,G,G,G,A,A,G,G,G,G,G,G,G,G
1,2200196,G,G,G,N,G,G,G,G,G,G,G,G,A,G,G,G,A,G
1,2283144,G,G,G,G,G,G,G,A,G,G,G,G,G,G,G,G,G,G
1,2325855,C,C,T,C,C,T,C,C,C,C,C,C,C,C,C,C,C,C
1,2345895,A,A,A,A,A,A,A,G,A,A,A,A,A,A,A,A,A,A
1,2402572,G,G,G,N,G,G,G,G,G,G,G,G,G,G,A,G,G,G
1,2435316,G,G,G,G,G,G,G,C,G,G,G,G,G,G,G,G,G,G
