chr,pos,Z_inferred_ancestor,Z_B^303-Scr-Rc-1_t11,Z_B^087-Ext-brNoBs-4_t00,Z_B^082-Ext-clNoBs-4_t00,Z_B^082-Ext-clNoBs-1_t00,Z_B^070-Scr-Fo-2_t00
1,72986,C,N,T,T,T,C
1,178260,C,C,T,C,C,C
1,305560,C,T,C,C,C,C
1,331114,G,G,G,G,G,C
1,386040,C,T,T,T,T,C
1,389809,C,C,C,T,T,C
1,450265,T,C,T,T,T,T
1,594299,T,C,T,T,T,T
1,627348,G,A,A,A,A,G
1,710455,C,N,T,T,T,C
1,713992,C,T,C,C,C,C
1,794170,C,C,C,C,C,T
1,799288,G,T,G,G,G,G
1,841721,G,A,G,G,G,G
1,847087,G,T,G,G,G,G
1,859364,C,T,C,C,C,C
1,909131,C,C,C,C,C,T
1,942815,C,T,C,C,C,C
1,947745,G,A,G,G,G,G
1,1015516,C,C,T,C,C,C
1,1083904,A,G,A,A,A,A
1,1178292,C,C,C,C,C,T
1,1271502,T,T,C,T,T,T
1,1337268,G,G,A,G,G,G
1,1386991,C,C,C,G,G,C
1,1505034,T,T,T,T,T,C
1,1508435,A,A,A,G,G,A
1,1510888,A,A,A,A,A,G
1,1526376,T,T,C,T,T,T
1,1579216,G,N,G,G,G,A
1,1583228,C,T,C,C,C,C
1,1621658,G,N,C,G,G,G
1,1655684,C,T,C,C,C,C
1,1658226,G,G,A,G,G,G
1,1700541,G,T,G,G,G,G
1,1746241,T,T,C,T,T,T
1,1789128,C,C,C,G,G,C
1,1822249,G,G,G,G,G,A
1,1899045,A,A,A,G,G,A
1,1988928,C,N,T,T,T,C
1,2012414,G,G,A,G,G,G
1,2026267,G,G,G,A,A,G
1,2038587,G,G,G,G,G,C
1,2081817,G,A,G,G,G,G
1,2109032,G,T,G,G,G,G
1,2162116,G,G,G,G,G,A
1,2200980,G,N,A,G,G,G
1,2351176,T,T,T,T,T,G
