chr,pos,Z_inferred_ancestor,Z_N^372-Scr-tlBa-6_t11,Z_N^365-Scr-Fo-4_t11,Z_N^365-Scr-Fo-3_t11,Z_N^365-Scr-Fo-2_t11,Z_N^372-Scr-tlBa-3_t11,Z_N^372-Scr-tlBa-2_t11,Z_N^372-Scr-tlBa-1_t11,Z_N^369-Scr-clNo-4_t11,Z_N^371-Scr-trBa-4_t11,Z_N^371-Scr-trBa-2_t11
1,52285,C,C,C,C,C,C,C,C,T,C,C
1,121555,G,N,G,G,G,G,G,G,G,A,A
1,185980,T,T,T,T,T,T,T,T,T,C,C
1,226170,C,C,C,C,C,C,C,C,C,T,T
1,245791,A,G,G,G,G,G,G,G,G,A,A
1,281145,A,A,A,G,A,A,A,A,A,A,A
1,322338,C,T,T,T,T,T,T,N,T,C,C
1,350078,C,G,C,C,C,C,G,C,C,C,C
1,356085,C,C,C,C,C,C,C,A,C,C,C
1,387640,G,G,G,A,G,G,G,G,G,G,G
1,410295,C,C,T,C,T,C,C,C,C,C,C
1,415445,G,C,G,G,G,G,C,G,G,G,G
1,451833,G,G,G,A,G,G,G,G,G,G,G
1,468873,G,G,G,A,G,G,G,G,G,G,G
1,499177,T,C,T,T,T,T,C,T,T,T,T
1,576581,G,G,C,G,C,G,G,G,G,G,G
1,579098,G,G,G,G,G,G,G,A,G,G,G
1,582266,C,T,T,T,T,T,T,T,T,C,C
1,602059,G,G,G,G,G,G,G,G,A,G,G
1,614605,G,G,G,G,G,G,G,G,N,A,A
1,616923,A,C,C,C,C,C,C,C,C,A,N
1,635328,C,C,T,C,T,C,C,C,C,C,N
1,635792,C,C,C,C,C,C,C,C,C,T,T
1,636090,G,G,G,G,G,A,G,G,G,G,G
1,671045,C,T,C,C,C,C,T,C,C,C,C
1,728594,C,C,C,C,C,C,C,G,C,C,C
1,732145,C,C,C,T,C,C,C,C,C,C,C
1,802665,G,G,G,G,G,G,G,A,G,G,G
1,852904,C,G,G,G,G,G,G,G,G,C,C
1,884899,C,T,C,T,C,T,T,T,T,C,C
1,894490,A,A,A,A,A,T,A,A,A,N,A
1,916190,C,C,C,T,C,C,C,C,C,C,C
1,917188,G,G,G,G,G,T,G,G,G,G,G
1,949569,C,C,C,C,C,T,C,C,C,C,C
1,955141,C,C,C,C,C,C,C,C,C,N,A
1,1109010,C,C,C,C,C,C,C,C,T,C,C
1,1111719,T,T,T,C,T,T,T,T,T,T,T
1,1113304,G,G,G,A,G,G,G,G,G,G,G
1,1182935,A,A,A,A,A,A,A,A,G,A,A
1,1197185,C,C,C,G,C,C,C,C,C,C,C
1,1215104,C,C,C,C,C,C,C,C,C,T,T
1,1271002,C,T,C,C,C,C,T,C,N,C,C
1,1283262,A,A,A,A,A,A,A,A,A,G,G
1,1338592,G,A,A,A,A,A,A,A,A,G,G
1,1378224,G,G,G,G,G,G,G,G,A,G,G
1,1388824,C,C,C,C,C,C,C,C,C,G,G
1,1396107,T,T,T,C,T,T,T,T,T,T,T
1,1424952,T,C,C,C,C,C,C,C,C,T,T
1,1446130,G,G,G,T,G,G,G,G,G,G,G
1,1520423,C,T,T,T,T,T,T,T,T,C,C
1,1576533,C,C,C,C,C,T,C,C,C,C,C
1,1614763,G,C,C,C,C,C,C,C,C,G,G
1,1616206,G,G,A,G,A,G,G,G,G,G,N
1,1661160,C,C,C,T,C,C,C,C,C,C,C
1,1717198,A,A,A,A,A,A,A,A,G,A,A
1,1818678,G,G,A,G,A,G,G,G,G,G,G
1,1875997,C,T,C,C,C,C,T,C,C,C,C
1,1891212,G,A,G,G,G,G,A,G,N,G,G
1,1995150,A,G,G,G,G,G,G,G,G,A,A
1,2027133,A,A,A,C,A,A,A,A,A,A,A
1,2042180,C,C,G,C,G,C,C,C,C,C,C
1,2052420,G,G,G,G,G,G,G,G,G,A,A
1,2106300,G,G,G,G,G,G,G,G,G,A,A
1,2132174,C,C,C,T,C,C,C,C,C,C,C
1,2147031,G,A,G,G,G,G,A,G,N,G,G
1,2151758,C,C,C,C,C,C,C,C,T,C,C
1,2152481,T,T,T,T,T,T,T,T,C,T,T
1,2166273,G,G,G,G,G,G,G,G,G,A,A
1,2173681,G,G,G,G,G,A,G,G,G,G,G
1,2218594,G,G,G,G,G,C,G,G,G,G,G
1,2248395,T,T,T,T,T,T,T,T,C,T,T
1,2256495,T,T,T,C,T,T,T,T,T,T,T
1,2280109,C,C,C,C,C,C,C,C,A,C,C
1,2298759,A,A,A,A,A,A,A,G,A,A,A
1,2337393,G,G,C,G,C,G,G,G,G,G,G
1,2348449,A,A,A,A,A,T,A,A,A,A,A
1,2383525,A,A,A,A,A,A,A,A,A,G,G
1,2397260,C,C,G,C,G,C,C,C,C,C,C
1,2407987,G,G,G,G,G,G,G,G,A,G,G
1,2492449,C,C,C,C,C,A,C,C,C,C,C
