chr,pos,Z_inferred_ancestor,Z_K^345-Scr-clNo-6_t11,Z_K^344-Scr-crNo-2_t11,Z_K^344-Scr-crNo-1_t11,Z_K^343-Scr-Lc-2_t11,Z_K^342-Scr-Rc-2_t11
1,26158,T,C,C,C,T,C
1,39400,C,T,T,C,C,T
1,200682,C,C,T,C,C,C
1,325908,C,C,C,C,T,N
1,336200,C,T,C,C,C,C
1,509796,G,G,G,G,G,A
1,557062,G,C,C,C,G,C
1,625057,C,T,T,C,C,T
1,801040,C,C,C,C,G,N
1,802023,G,G,G,A,G,N
1,941508,A,A,A,A,A,C
1,971688,G,G,G,A,G,N
1,1073561,C,C,C,C,T,C
1,1138161,C,C,C,T,C,N
1,1149621,C,T,C,C,C,C
1,1182825,C,C,C,C,T,N
1,1265241,G,G,G,G,T,G
1,1347917,A,A,A,A,A,C
1,1431674,G,G,G,G,G,A
1,1469185,G,G,G,A,G,N
1,1479601,T,T,T,T,T,A
1,1536239,G,G,T,G,G,G
1,1550757,G,A,A,N,G,A
1,1655799,A,A,A,A,A,C
1,1669915,G,C,G,G,G,G
1,1699723,C,T,C,C,C,N
1,1829774,G,G,A,G,G,N
1,1926660,A,G,G,G,A,G
1,2083186,C,C,A,N,C,C
1,2098972,A,C,C,C,A,C
1,2161608,T,T,T,T,C,T
1,2165253,C,T,C,C,C,C
1,2227178,C,C,T,C,C,C
1,2249408,A,A,A,A,G,N
1,2355432,C,C,T,C,C,C
1,2393824,C,C,C,C,C,T
1,2457456,T,C,C,T,T,C
