chr,pos,Z_inferred_ancestor,Z_R^410-Ext-blFoBs-2_t15,Z_R^405-Ext-tlLcB-3_t15,Z_R^405-Ext-tlLcB-1_t15,Z_R^407-Ext-ChB-6_t15,Z_R^407-Ext-ChB-5_t15,Z_R^407-Ext-ChB-4_t15,Z_R^407-Ext-ChB-3_t15,Z_R^406-Ext-ChB-5_t15,Z_R^406-Ext-ChB-3_t15,Z_R^410-Ext-blFoBs-5_t15,Z_R^410-Ext-blFoBs-4_t15
1,183764,C,C,T,T,C,C,C,C,C,C,C,C
1,280116,A,A,G,G,A,A,A,A,A,A,A,A
1,298669,A,A,A,A,A,A,A,A,C,C,A,A
1,545634,A,A,A,A,A,A,A,A,T,T,A,A
1,668886,T,T,C,C,T,T,T,T,T,T,T,T
1,794486,T,T,C,C,T,T,T,T,T,T,T,T
1,834903,C,C,T,T,C,C,C,C,C,C,C,C
1,957126,G,T,T,T,T,T,T,T,G,G,G,G
1,1132148,C,C,C,C,C,C,C,C,C,C,T,T
1,1381706,C,C,C,C,C,C,C,C,C,C,T,T
1,1385695,T,T,T,T,T,T,T,T,T,T,C,C
1,1523121,G,G,A,A,G,G,G,G,G,G,G,G
1,1682187,A,A,A,A,A,A,A,A,C,C,A,A
1,1685176,C,C,T,T,C,C,C,C,C,C,C,C
1,1741399,T,T,T,T,T,T,T,T,C,C,T,T
1,1889554,G,G,A,A,G,G,G,G,G,G,G,G
1,2425701,T,C,T,T,C,C,C,C,T,T,T,T
1,2479973,G,G,G,G,G,G,G,G,G,G,T,T
