chr,pos,Z_inferred_ancestor,Z_H^318-Scr-trBa-2_t11,Z_H^321-Scr-clLc-6_t11,Z_H^321-Scr-clLc-5_t11,Z_H^321-Scr-clLc-4_t11,Z_H^319-Scr-brBa-6_t11,Z_H^318-Scr-trBa-6_t11,Z_H^319-Scr-brBa-5_t11,Z_H^318-Scr-trBa-5_t11,Z_H^319-Scr-brBa-1_t11,Z_H^319-Scr-brBa-4_t11,Z_H^318-Scr-trBa-4_t11,Z_H^319-Scr-brBa-3_t11,Z_H^318-Scr-trBa-3_t11,Z_H^319-Scr-brBa-2_t11,Z_H^318-Scr-trBa-1_t11,Z_H^312-Scr-Fo-1_t11,Z_H^312-Scr-Fo-2_t11,Z_H^312-Scr-Fo-3_t11,Z_H^312-Scr-Fo-4_t11,Z_H^313-Scr-Rc-6_t11,Z_H^312-Scr-Fo-5_t11,Z_H^321-Scr-clLc-1_t11,Z_H^312-Scr-Fo-6_t11,Z_H^321-Scr-clLc-2_t11,Z_H^314-Scr-Lc-6_t11,Z_H^317-Scr-Ch-1_t11,Z_H^317-Scr-Ch-2_t11,Z_H^317-Scr-Ch-3_t11,Z_H^317-Scr-Ch-4_t11,Z_H^313-Scr-Rc-1_t11,Z_H^314-Scr-Lc-1_t11,Z_H^315-Scr-crNo-1_t11,Z_H^316-Scr-clNo-1_t11,Z_H^313-Scr-Rc-2_t11,Z_H^315-Scr-crNo-6_t11,Z_H^314-Scr-Lc-2_t11,Z_H^315-Scr-crNo-2_t11,Z_H^313-Scr-Rc-3_t11,Z_H^314-Scr-Lc-3_t11,Z_H^315-Scr-crNo-3_t11,Z_H^313-Scr-Rc-4_t11,Z_H^314-Scr-Lc-4_t11,Z_H^316-Scr-clNo-4_t11,Z_H^313-Scr-Rc-5_t11,Z_H^314-Scr-Lc-5_t11,Z_H^315-Scr-crNo-5_t11
1,32295,G,G,G,G,G,N,G,N,G,G,G,G,G,G,G,G,G,G,G,G,G,G,G,G,G,G,G,G,G,G,G,G,G,G,G,G,G,T,N,G,G,G,N,G,G,N,G
1,37408,G,G,G,G,G,G,G,G,G,G,G,G,G,G,G,G,G,G,G,G,G,G,G,G,G,G,G,G,G,G,G,G,G,G,G,G,G,G,N,G,A,G,G,G,G,G,G
1,37524,G,G,G,G,G,G,G,G,G,G,G,G,G,G,G,G,G,G,G,G,G,G,G,G,G,G,A,A,A,A,G,G,N,G,G,G,G,G,G,G,G,G,G,G,N,G,G
1,100719,C,C,C,C,C,C,C,C,C,C,C,C,C,C,C,C,C,C,C,C,C,T,C,C,C,C,C,C,C,C,C,C,C,C,C,C,C,N,C,N,C,C,C,C,N,C,C
1,110631,C,C,C,C,G,C,C,C,C,C,C,C,C,C,C,C,C,C,C,C,C,C,C,C,C,C,C,C,C,C,C,C,C,C,C,C,C,C,C,C,C,C,C,C,C,C,C
1,134662,C,C,C,C,C,C,C,C,C,C,C,C,C,C,C,C,C,C,C,C,C,C,C,C,C,N,C,C,C,C,C,C,N,C,C,C,C,N,C,C,T,C,C,C,C,N,C
1,157561,G,G,G,G,G,G,G,G,G,G,G,G,G,G,G,G,G,G,G,G,G,G,T,G,T,G,G,G,G,G,G,G,G,G,G,G,G,G,G,G,G,G,G,G,G,N,G
1,163310,A,A,A,A,A,A,A,A,A,A,A,A,A,A,A,A,A,A,A,A,A,A,A,G,A,A,A,A,A,A,A,A,A,A,A,A,A,A,A,A,A,A,A,A,A,N,A
1,176708,A,A,A,A,A,A,A,A,A,A,A,A,A,A,A,A,A,A,A,A,A,A,A,A,N,A,A,C,A,A,A,A,A,A,A,A,A,A,A,N,A,A,A,A,A,N,A
1,220920,G,G,G,G,G,G,G,G,G,G,G,G,G,G,G,G,G,G,G,G,G,G,G,G,G,G,G,G,G,G,G,G,G,G,G,G,G,G,G,C,G,G,G,G,G,C,G
1,223472,C,C,C,C,C,C,C,C,C,C,C,C,C,C,C,C,C,C,C,C,C,C,C,C,C,C,C,T,T,C,C,C,C,C,C,C,C,C,C,C,C,C,C,C,C,C,C
1,248083,C,C,C,C,C,C,C,C,C,A,A,C,C,C,C,C,C,C,C,C,C,C,C,C,C,C,C,C,C,C,C,C,C,C,C,C,C,C,C,C,C,C,C,C,C,C,C
1,250084,A,A,A,A,A,A,A,A,A,A,A,A,A,A,A,A,A,A,A,A,A,A,A,A,A,A,A,A,A,A,N,A,A,A,A,A,A,A,A,A,A,G,A,A,A,A,A
1,254650,T,T,T,T,T,T,T,T,T,T,T,T,T,T,T,T,T,T,T,T,T,T,G,T,T,T,T,T,T,T,T,T,N,T,T,T,T,T,T,T,T,T,T,T,T,T,T
1,271633,A,A,A,A,A,A,A,A,A,A,A,A,A,A,A,A,C,A,A,A,A,A,A,A,A,A,A,A,A,A,A,A,A,A,A,A,A,A,A,A,A,A,A,A,A,N,A
1,285102,T,T,T,T,T,T,T,T,T,T,T,T,T,T,N,T,T,T,T,T,T,T,T,T,T,T,C,T,T,T,T,T,N,T,T,T,T,T,T,N,N,T,T,T,T,T,T
1,297906,C,C,C,C,C,C,C,C,C,C,C,C,C,C,C,C,C,C,C,C,C,C,C,C,N,C,C,C,C,C,C,C,C,C,C,C,C,C,C,N,T,C,N,C,C,C,C
1,301650,G,G,G,G,G,G,G,G,G,G,N,G,G,G,G,G,G,G,G,G,G,G,G,G,G,G,G,G,G,G,G,G,A,G,G,G,G,G,G,G,G,G,G,G,G,G,G
1,303599,C,C,T,C,C,C,C,C,C,C,C,C,C,C,C,C,C,C,C,C,C,C,N,C,C,C,C,C,C,C,C,C,C,C,C,C,C,C,C,C,C,C,C,C,C,C,C
1,313730,A,A,A,A,A,A,A,A,A,A,A,A,A,A,A,A,A,A,A,A,A,A,A,A,A,A,A,A,A,A,A,A,N,A,A,A,A,A,A,A,A,G,A,A,A,A,A
1,324970,C,C,C,C,C,C,C,C,C,C,C,C,C,C,C,C,C,C,C,C,T,C,C,C,C,C,C,C,C,C,C,C,C,C,C,C,C,N,C,C,C,C,C,C,C,C,C
1,334689,T,T,T,T,T,A,T,A,T,T,T,T,A,T,T,T,T,T,T,T,T,T,T,T,T,T,T,T,T,T,T,T,T,T,T,T,T,T,T,T,T,T,T,T,T,T,T
1,356679,T,T,T,T,T,A,T,N,T,T,T,T,A,T,T,T,T,T,T,T,T,T,T,T,N,T,T,T,T,T,T,T,T,T,T,T,T,T,T,T,T,T,T,T,T,T,T
1,363454,G,G,G,G,G,G,G,G,G,G,G,G,G,G,G,G,G,G,G,G,G,G,G,G,G,G,A,A,A,A,G,G,N,G,G,G,G,G,N,N,G,G,G,G,G,G,G
1,374368,A,A,A,A,A,A,A,A,A,A,A,A,A,A,A,A,A,A,A,A,A,A,A,A,A,A,A,A,A,A,A,A,N,A,A,A,N,A,A,C,N,A,N,A,A,N,A
1,384695,C,C,C,N,C,C,C,C,C,C,C,C,C,C,C,C,C,C,C,C,C,C,C,C,C,C,C,C,C,C,C,C,C,C,C,C,C,C,C,C,C,T,C,C,C,C,C
1,390672,T,T,T,T,T,A,T,A,T,T,T,T,A,T,T,T,T,T,T,T,T,T,T,T,N,T,T,T,T,T,T,T,N,T,T,T,T,T,T,T,N,T,N,T,T,T,T
1,395043,A,A,A,A,A,A,A,A,A,A,A,A,A,A,A,A,A,A,A,A,A,A,A,A,A,N,A,A,A,A,A,A,A,A,A,A,A,A,A,C,N,A,A,A,A,A,A
1,407497,C,C,C,C,C,C,C,C,C,C,C,C,C,C,C,C,C,C,C,C,C,C,C,C,C,C,C,C,C,C,C,C,N,C,C,C,C,C,C,N,C,C,C,C,C,T,C
1,416588,G,G,G,G,G,A,G,A,G,G,G,G,A,G,G,G,G,G,G,G,G,G,N,G,G,G,G,G,G,G,G,G,G,G,G,G,G,G,G,G,G,G,G,G,G,G,G
1,424304,T,T,T,C,T,T,T,T,T,T,T,T,T,T,T,T,T,T,C,C,T,T,C,T,C,C,T,T,T,T,T,C,T,C,T,T,C,T,T,T,T,T,C,T,T,T,T
1,434173,A,A,A,A,A,A,A,A,A,A,A,A,A,A,A,A,A,A,A,G,A,A,A,A,A,A,A,A,A,A,A,A,A,A,A,A,A,A,A,A,N,A,A,A,A,A,A
1,436235,C,C,C,C,C,C,C,C,C,C,C,C,C,C,C,C,C,C,C,C,C,C,C,C,C,C,C,C,C,C,C,C,C,C,C,C,C,C,T,C,C,C,C,C,C,C,C
1,450270,C,C,C,C,C,C,C,C,C,C,C,C,C,C,C,C,C,C,C,C,C,C,T,C,N,C,C,C,C,C,N,N,C,C,C,C,C,C,C,N,C,C,C,C,C,C,C
1,457730,C,C,C,N,C,C,C,C,C,C,C,C,C,C,C,C,C,C,A,C,C,C,C,C,C,C,C,C,C,C,C,C,C,C,C,C,C,C,C,C,N,C,C,C,C,C,C
1,479268,C,C,C,G,C,C,C,C,C,C,C,C,C,C,C,C,C,C,C,C,C,C,C,C,C,C,C,C,C,C,C,C,N,C,C,C,C,C,C,N,C,C,N,C,N,C,C
1,485356,A,A,A,A,A,A,A,A,A,A,A,A,A,A,A,A,A,C,A,A,A,A,A,A,A,A,A,A,A,A,A,A,A,A,A,A,A,A,A,A,N,A,A,A,A,N,A
1,488944,G,G,G,G,G,G,A,G,A,G,G,A,G,A,G,G,G,G,G,G,G,G,G,G,G,G,G,G,G,G,G,G,G,G,G,G,G,G,G,G,G,G,G,G,G,G,G
1,490945,A,A,A,A,A,A,G,A,G,A,A,G,A,G,A,A,A,A,A,A,A,A,A,A,A,A,A,A,A,A,A,A,A,A,A,A,A,A,N,N,A,A,A,A,A,N,A
1,497491,C,C,C,N,C,C,C,C,C,C,C,C,C,C,C,C,C,C,C,C,C,C,T,C,C,C,C,C,C,C,C,C,N,C,C,C,C,C,C,C,C,C,C,C,C,C,C
1,505431,A,A,A,T,A,A,A,A,A,A,A,A,A,A,A,A,A,A,A,A,A,A,A,A,A,A,A,A,A,A,A,A,N,A,A,A,A,A,A,A,A,A,A,A,A,A,A
1,505545,C,T,T,T,T,C,C,C,C,T,T,C,C,C,T,T,T,T,T,T,T,T,T,T,T,T,C,C,C,C,T,T,T,T,T,T,T,T,T,T,T,T,T,T,T,T,T
1,516411,C,C,C,C,C,C,C,C,C,C,C,C,C,C,C,C,C,C,T,C,C,C,C,C,C,C,C,C,C,C,C,C,N,C,C,C,C,C,C,C,N,C,C,C,C,C,C
1,526463,T,T,T,T,T,T,T,T,T,T,T,T,T,T,T,T,C,T,T,T,T,T,T,T,T,T,T,T,T,T,T,T,T,T,T,T,T,T,T,T,T,T,T,T,T,T,T
1,538685,G,G,G,G,G,G,G,G,G,G,G,G,G,G,G,G,G,A,G,G,G,G,G,G,G,G,G,G,N,G,G,G,G,G,G,G,G,G,G,G,N,G,G,G,G,G,G
1,543477,C,C,C,C,C,C,C,C,C,C,C,C,C,C,C,C,C,C,C,C,C,C,C,C,C,C,C,C,C,C,C,C,T,C,C,C,C,C,C,C,N,C,C,C,C,C,T
1,549575,C,C,C,C,C,C,C,C,C,C,C,C,C,C,C,T,C,C,C,C,C,C,C,C,C,C,C,C,C,C,C,C,C,C,C,C,C,C,C,C,C,C,C,C,C,C,C
1,570914,G,G,G,G,G,G,G,G,G,G,G,G,G,G,G,G,G,G,G,G,T,G,G,G,G,N,G,G,G,G,G,G,N,G,G,G,G,G,N,G,G,G,G,G,G,N,G
1,573290,G,G,G,N,G,G,G,G,G,G,G,G,G,G,G,G,G,G,G,G,G,A,G,G,G,G,G,G,G,G,G,G,G,G,G,G,G,G,G,G,G,G,N,G,G,N,G
1,592524,C,C,C,C,C,C,C,C,C,C,C,C,C,C,C,C,T,C,C,C,C,C,C,C,C,C,C,C,C,C,C,C,N,C,C,C,C,C,C,C,C,C,C,C,C,C,C
1,600463,C,C,C,C,C,C,C,C,C,C,C,C,C,C,C,C,C,C,C,C,C,C,C,C,C,C,C,C,N,C,C,C,T,C,C,C,C,C,C,C,C,C,C,C,C,C,T
1,602444,T,T,T,N,T,T,T,T,T,T,T,T,T,T,T,T,T,T,T,T,T,T,T,T,T,T,T,T,T,T,G,T,T,T,G,T,T,T,T,T,T,T,T,T,G,T,T
1,641091,C,C,C,C,C,C,G,C,G,C,C,G,C,G,C,C,C,C,C,C,C,C,C,C,C,C,C,C,C,C,C,C,N,C,C,C,C,C,C,C,N,C,C,C,C,C,C
1,650480,C,C,C,C,C,C,C,C,C,C,C,C,C,C,C,C,C,C,C,C,C,C,C,C,C,C,C,C,C,C,C,C,C,C,C,C,C,C,T,C,C,C,C,C,C,C,C
1,662281,G,G,C,G,G,G,G,G,G,G,G,G,G,G,G,G,G,G,G,G,G,G,G,G,G,G,G,G,G,G,G,G,G,G,G,G,G,G,G,G,G,G,G,G,G,G,G
1,688250,C,C,T,C,C,C,C,C,C,C,C,C,C,C,C,C,C,C,C,C,C,C,C,C,C,C,C,C,C,C,C,C,N,C,C,C,C,C,C,C,C,C,C,C,C,C,C
1,715914,T,T,T,T,T,T,G,T,G,T,T,G,T,G,T,T,T,T,T,T,T,T,T,T,T,T,T,T,T,T,T,T,T,T,T,T,T,T,T,T,T,T,T,T,T,T,T
1,723059,G,G,G,G,G,G,A,G,A,G,G,A,G,A,G,G,G,G,G,G,G,G,G,G,G,G,G,G,G,G,G,G,G,G,G,G,G,G,G,N,G,G,G,G,G,G,G
1,728706,T,T,T,T,T,T,T,T,T,T,T,T,T,T,T,T,T,T,T,T,T,T,T,T,T,T,T,T,T,T,N,T,T,T,T,T,T,T,T,T,C,T,T,T,T,T,T
1,763717,T,T,T,T,T,T,T,T,T,C,C,T,T,T,T,T,T,T,T,T,T,T,T,T,T,T,T,T,T,T,T,T,N,T,T,T,T,T,T,T,T,T,T,T,T,T,T
1,769052,C,C,C,C,C,C,C,C,C,C,C,C,C,C,C,C,C,C,C,C,C,C,N,C,C,C,C,C,C,C,C,C,N,C,C,C,C,C,C,C,C,C,C,T,C,C,C
1,776542,T,T,T,T,T,T,T,T,T,T,T,T,T,T,T,T,T,T,T,T,T,T,T,T,T,T,T,T,T,T,T,T,T,T,T,T,T,T,T,N,T,T,T,T,T,C,T
1,800165,C,C,C,C,C,C,C,N,C,C,C,C,C,C,N,C,C,C,C,C,C,C,C,C,C,C,C,C,C,C,C,C,C,C,C,C,C,C,C,N,T,C,C,C,C,C,C
1,800457,A,A,A,A,A,T,A,T,A,A,A,A,T,A,A,A,A,A,A,A,A,A,A,A,A,A,A,A,A,A,A,A,N,A,A,A,A,A,N,A,A,A,A,A,A,A,A
1,800540,A,A,A,A,A,A,C,A,C,A,A,C,A,C,A,A,A,A,A,A,A,A,A,A,A,A,A,A,A,A,A,A,A,A,A,A,A,A,A,A,A,A,A,A,A,N,A
1,806248,T,T,T,T,T,T,T,T,T,T,T,T,T,T,T,T,T,T,T,G,T,T,T,T,T,T,T,T,T,T,T,T,T,T,T,T,T,T,T,T,T,T,N,T,T,T,T
1,833325,T,T,T,T,T,T,T,T,T,T,T,T,T,T,T,T,T,T,T,T,T,T,T,T,N,N,T,T,T,T,N,N,N,T,T,N,G,N,N,N,N,T,T,T,N,N,T
1,845088,C,C,C,C,C,C,C,C,C,C,C,C,C,C,C,C,C,C,C,T,C,C,C,C,C,C,C,C,C,C,C,C,C,C,C,C,C,C,C,C,C,C,C,C,C,C,C
1,861831,A,A,A,A,A,A,A,N,A,A,A,A,A,A,A,A,A,A,A,A,A,A,A,A,N,A,A,A,A,A,A,A,A,A,A,A,A,N,N,C,A,A,A,A,A,A,A
1,887441,T,T,T,T,T,T,T,T,T,T,T,T,T,T,T,T,T,T,T,T,T,T,T,T,T,T,G,T,T,T,T,T,T,T,T,T,T,T,T,T,T,T,T,T,T,T,T
1,900974,C,C,C,C,C,C,T,C,T,C,C,T,C,T,C,C,C,C,C,C,C,C,C,C,C,C,C,C,C,C,C,C,C,C,C,C,C,C,C,C,C,C,C,C,C,C,C
1,911209,T,T,T,N,T,T,C,T,C,T,T,C,T,C,N,T,T,T,T,T,T,T,T,T,T,T,T,T,T,T,T,T,T,T,T,T,T,T,T,T,T,T,T,T,T,T,T
1,919428,T,G,G,G,G,T,T,T,T,G,G,T,T,T,G,G,G,G,G,G,G,G,G,G,G,G,T,T,T,T,G,G,N,G,G,G,G,G,G,N,G,G,G,G,G,G,G
1,967688,C,C,C,C,C,C,C,C,C,C,C,C,C,C,C,C,C,C,C,C,C,C,C,C,C,C,C,C,C,C,C,C,C,C,C,C,T,C,C,C,C,C,C,C,N,C,C
1,974311,C,C,C,C,C,C,C,C,C,C,C,C,C,C,N,C,C,C,C,C,C,C,C,C,N,C,C,C,C,C,N,C,C,C,C,C,C,C,C,C,N,C,C,G,C,C,C
1,999628,A,A,A,N,A,A,A,A,A,A,A,A,A,A,A,A,A,A,A,A,A,A,A,A,A,A,A,A,A,A,A,A,A,A,A,A,A,A,A,G,A,A,A,A,A,G,A
1,1000651,G,G,G,T,G,G,G,G,G,G,G,G,G,G,G,G,G,G,G,G,G,G,G,G,G,G,G,G,G,G,G,G,N,G,G,G,G,G,G,G,G,G,N,G,G,G,G
1,1028376,G,G,G,G,G,G,G,G,G,G,G,G,G,G,G,G,G,G,G,G,G,G,G,G,G,G,G,G,G,G,G,G,N,G,G,G,C,G,N,G,N,G,G,G,G,G,N
1,1034652,G,G,G,G,G,G,G,G,G,G,G,G,G,G,G,G,G,G,G,G,G,G,G,G,G,G,G,G,G,G,G,G,G,G,G,G,G,G,G,G,A,G,G,G,G,G,N
1,1036514,C,C,C,C,C,C,C,C,C,C,C,C,C,C,C,C,C,C,C,C,C,C,C,C,N,C,T,T,T,T,C,C,C,C,C,C,C,C,C,C,N,C,C,C,C,C,C
1,1044600,C,C,C,C,C,C,C,C,C,C,C,C,C,C,C,C,C,C,C,C,C,C,C,C,T,C,C,C,C,C,C,C,C,C,C,C,C,C,C,C,C,C,C,C,C,N,C
1,1049182,C,C,C,C,C,C,C,C,C,C,C,C,C,C,C,C,C,C,C,C,C,C,C,A,N,C,C,C,C,C,C,C,N,C,C,C,C,C,C,N,C,C,N,C,C,C,C
1,1081576,G,G,G,G,G,G,G,G,G,G,G,G,G,G,G,G,G,G,G,C,G,G,G,G,N,G,G,G,G,G,G,G,G,C,G,G,G,G,G,G,G,G,G,G,G,G,G
1,1100930,C,C,C,C,C,C,C,C,C,C,C,C,C,C,C,C,C,C,C,C,A,C,C,C,C,C,C,C,C,C,C,C,C,C,C,C,C,C,C,C,C,C,C,C,C,N,C
1,1126281,C,C,C,C,C,C,C,C,C,C,C,C,C,C,C,C,C,C,C,C,C,C,C,C,C,C,C,C,C,C,C,C,N,C,C,C,C,C,A,C,C,C,C,C,C,C,C
1,1126979,C,C,C,C,C,C,C,C,C,C,C,C,C,C,C,C,C,C,C,C,C,C,C,C,C,C,C,C,C,C,C,C,C,C,C,C,C,C,C,C,C,C,C,T,C,C,N
1,1145508,C,A,A,A,A,C,C,C,C,A,A,C,C,C,A,A,A,A,A,A,A,A,A,A,A,A,C,C,C,C,A,A,A,A,A,A,A,A,A,N,A,A,A,A,A,A,A
1,1155729,A,A,A,A,A,A,A,A,A,A,A,A,A,A,A,A,A,A,A,A,A,A,A,A,A,A,A,A,A,A,A,A,A,A,A,G,A,G,A,N,G,A,A,A,A,N,A
1,1186512,T,T,T,N,T,T,T,T,T,T,T,T,T,T,T,T,T,T,T,N,T,T,N,T,T,T,T,T,T,T,T,T,N,N,T,T,T,T,G,N,T,T,N,T,T,T,T
1,1197583,C,C,C,C,C,C,C,C,C,C,C,C,C,C,C,C,T,C,C,C,C,C,N,C,N,C,C,C,C,C,C,C,N,C,N,C,N,C,C,N,C,C,C,C,C,C,C
1,1216052,C,C,C,C,C,T,C,T,C,C,C,C,T,C,C,C,C,C,C,C,C,C,C,C,C,C,C,C,C,C,C,C,N,C,C,C,C,C,C,N,N,C,C,C,C,C,C
1,1217647,G,G,G,N,G,G,G,G,G,G,G,G,G,G,N,G,G,G,G,G,G,G,N,G,G,G,G,G,G,G,G,G,G,G,A,G,G,N,N,G,N,G,G,G,G,G,G
1,1223460,A,A,A,N,A,A,A,A,A,A,A,A,A,A,A,A,A,A,A,A,A,A,A,A,A,A,A,A,A,A,A,A,C,A,A,A,A,A,A,N,A,A,A,A,A,A,A
1,1237367,T,T,T,A,T,T,T,T,T,T,T,T,T,T,T,T,T,T,T,T,T,T,N,T,T,N,T,T,T,T,T,T,T,T,T,T,T,T,T,T,T,T,T,T,T,T,T
1,1247060,C,C,C,C,C,C,C,C,C,C,C,C,C,C,C,C,C,C,C,C,C,C,C,C,C,C,C,C,C,T,C,C,N,C,C,C,C,C,C,N,C,C,C,C,C,C,C
1,1272366,C,C,C,C,C,C,C,C,C,C,C,C,C,C,C,C,C,C,C,C,A,C,C,C,C,C,C,C,C,C,C,C,C,C,C,C,C,C,C,C,N,C,C,C,C,C,C
1,1280503,G,C,C,C,C,G,G,G,G,C,C,G,G,G,C,C,C,C,C,C,C,C,C,C,C,C,G,G,G,G,C,C,C,C,C,C,C,C,C,N,C,C,C,C,C,C,C
1,1284983,A,A,A,A,A,G,A,G,A,A,A,A,G,A,A,A,A,A,A,A,A,A,A,A,N,A,A,A,A,A,A,A,A,A,A,A,A,A,A,A,N,A,A,A,A,A,A
1,1310522,G,G,G,G,G,G,G,G,G,G,G,G,G,G,G,G,G,G,G,G,G,G,G,G,G,G,G,G,G,T,G,G,G,G,G,G,G,G,G,G,G,G,G,G,G,G,G
1,1315272,C,C,C,N,C,C,C,C,C,C,C,C,C,C,C,C,C,C,C,C,C,C,C,C,C,C,C,C,C,C,C,C,N,C,C,C,C,C,C,C,T,C,C,C,C,C,C
1,1319109,G,G,G,G,G,A,G,A,G,G,G,G,A,G,G,G,G,G,G,G,G,G,G,G,G,G,G,G,G,G,G,G,G,G,G,G,G,G,G,G,G,G,G,G,G,G,G
1,1321361,C,C,C,N,C,T,C,T,C,C,C,C,T,C,C,C,C,C,C,C,C,C,N,C,C,C,C,C,C,C,C,C,N,C,C,C,C,C,C,C,C,C,C,C,C,C,C
1,1324145,C,C,C,C,C,A,C,A,C,C,C,C,A,C,C,C,C,C,C,C,C,C,C,C,C,C,C,C,C,C,C,C,C,C,C,C,C,C,C,C,N,C,C,C,C,C,C
1,1324953,T,T,T,T,T,T,T,T,T,T,T,T,T,T,T,T,T,T,T,T,T,T,T,G,T,T,T,T,T,T,T,T,T,T,T,T,T,T,T,T,T,T,T,T,T,N,T
1,1327662,C,C,C,C,C,C,C,C,C,C,C,C,C,C,C,C,C,C,C,C,A,C,C,C,C,C,C,C,C,C,C,C,C,C,C,C,C,C,C,C,C,C,C,C,C,C,C
1,1347180,C,C,C,N,C,C,C,C,C,C,C,C,C,C,C,C,C,C,C,C,C,C,C,C,C,C,C,C,C,C,C,C,C,C,C,C,C,C,C,T,C,C,C,C,C,N,C
1,1389108,G,G,A,N,G,G,G,G,G,G,G,G,G,G,G,G,G,G,G,G,G,G,G,G,G,G,G,G,G,G,G,G,G,G,G,G,G,G,N,G,G,G,G,G,N,N,G
1,1396838,G,G,G,G,G,G,G,G,G,G,G,G,G,G,G,G,G,G,G,G,G,G,G,G,G,G,G,G,G,G,G,G,N,G,G,G,G,G,G,G,C,G,N,G,G,G,N
1,1397459,C,C,C,C,C,C,G,N,G,C,C,G,C,G,N,C,C,N,C,C,C,C,C,C,N,C,C,C,C,C,C,C,N,C,C,C,C,C,C,C,C,C,C,C,C,C,C
1,1422171,G,G,G,N,G,G,G,G,G,G,G,G,G,G,G,G,A,G,G,G,G,G,G,G,N,G,G,G,G,G,G,G,N,G,G,G,G,G,G,N,N,G,G,G,G,G,G
1,1422684,A,A,A,A,A,A,A,N,A,A,A,A,A,A,A,A,A,A,A,A,C,A,A,A,A,A,A,A,A,A,A,A,N,A,A,A,A,A,A,A,A,A,A,A,A,A,A
1,1445198,G,G,G,G,G,G,G,G,G,G,G,G,G,G,G,G,G,G,G,G,G,G,G,G,G,G,G,G,G,G,G,G,G,G,G,A,G,A,G,G,G,G,G,G,G,G,G
1,1447062,G,G,G,G,G,G,G,G,G,G,G,G,G,G,G,G,G,G,G,G,G,G,G,G,G,G,G,G,G,G,G,G,G,A,G,G,G,G,G,G,G,G,G,G,G,G,G
1,1448926,A,A,A,A,A,A,A,A,A,A,A,A,A,A,A,A,A,A,A,A,A,A,A,A,A,A,A,A,A,A,A,A,A,A,A,A,A,A,A,A,G,A,A,A,A,A,A
1,1457253,G,G,G,G,G,A,G,A,G,G,G,G,A,G,G,G,G,G,G,G,G,G,G,G,G,G,G,G,G,G,G,G,G,G,G,G,G,G,G,G,G,G,G,G,G,G,G
1,1457969,C,C,C,C,C,C,C,C,C,C,C,C,C,C,C,C,C,C,C,C,C,C,C,C,C,C,T,T,T,T,C,C,C,C,C,C,C,C,C,N,N,C,C,C,C,C,C
1,1474375,G,G,G,G,G,G,G,G,G,G,G,G,G,G,G,G,G,G,A,G,G,G,G,G,G,G,G,G,G,G,G,G,G,G,G,G,G,G,G,G,G,G,G,G,G,G,G
1,1478072,T,T,C,T,T,T,T,T,T,T,T,T,T,T,T,T,T,C,T,T,C,C,T,C,T,T,T,T,T,T,C,T,C,T,C,C,T,C,C,C,C,C,T,C,C,C,C
1,1500451,G,G,G,G,G,G,G,G,G,G,G,G,G,G,G,G,G,G,G,G,G,G,G,G,N,G,G,G,G,G,G,G,N,G,N,G,G,N,G,G,G,G,G,G,G,G,C
1,1504226,C,C,C,C,C,C,A,C,A,C,C,A,C,A,C,C,C,C,C,C,C,C,C,C,C,C,C,C,C,C,C,C,C,C,C,C,C,C,C,C,C,C,C,C,C,C,C
1,1518118,G,G,G,G,G,G,G,G,G,G,G,G,G,G,G,G,G,G,G,G,G,G,G,G,G,G,G,G,G,G,G,T,G,G,G,G,G,G,G,G,G,G,G,G,G,G,G
1,1535324,C,C,C,T,C,C,C,C,C,C,C,C,C,C,C,C,C,C,C,C,C,C,C,C,C,C,C,C,C,C,C,C,N,C,C,C,C,C,C,C,C,C,C,C,C,C,C
1,1555649,G,G,G,N,G,G,G,G,G,G,G,G,G,G,G,G,G,G,G,G,G,A,G,G,G,N,G,G,G,G,G,G,G,G,G,G,G,G,A,N,G,G,G,G,G,N,G
1,1562967,A,A,A,A,A,A,A,A,A,A,A,A,A,A,A,A,G,A,A,A,A,A,A,A,A,A,A,A,A,A,A,A,A,A,A,A,A,A,A,A,A,A,A,A,A,N,A
1,1573937,T,T,T,T,T,A,T,A,T,T,T,T,A,T,T,T,T,T,T,T,T,T,T,T,T,T,T,T,T,T,T,T,T,T,T,T,T,T,T,T,T,T,T,T,T,T,T
1,1587391,T,T,T,T,T,T,T,T,T,T,T,T,T,T,T,T,T,T,T,T,T,T,T,T,T,T,T,C,T,T,T,T,N,T,T,T,T,T,T,T,T,T,T,T,T,T,T
1,1633865,A,A,A,A,A,A,A,A,A,A,A,A,A,A,A,A,A,A,A,A,A,A,A,A,A,A,A,A,A,A,A,A,N,A,A,A,A,A,A,N,G,A,N,A,A,A,A
1,1646301,T,T,T,T,T,T,T,T,T,T,T,T,T,T,T,T,T,T,T,T,T,T,T,T,T,T,T,T,T,T,T,T,T,C,T,T,T,T,T,T,T,T,T,T,T,T,T
1,1671264,C,T,T,C,T,C,C,C,C,C,C,C,C,C,T,T,C,T,C,C,T,T,C,T,C,C,C,C,C,C,T,C,N,C,T,T,N,T,T,T,N,T,N,T,T,T,T
1,1680120,C,C,C,N,C,C,C,C,C,C,C,C,C,C,C,C,C,C,C,C,C,C,C,C,C,C,C,C,C,C,T,C,C,C,T,C,C,C,C,C,C,C,C,C,T,C,C
1,1687231,T,T,T,T,T,T,C,T,C,T,T,C,T,C,T,T,T,T,T,T,T,T,T,T,T,T,T,T,T,T,T,T,T,T,T,T,T,T,N,T,T,T,T,T,T,T,T
1,1697637,G,G,G,A,G,G,G,G,G,G,G,G,G,G,G,G,G,G,G,G,G,G,G,G,G,G,G,G,G,G,G,G,G,G,G,G,G,G,G,G,G,G,G,G,G,G,G
1,1732234,C,C,C,C,C,C,C,C,C,C,C,C,C,C,C,C,C,C,C,C,C,C,C,C,C,T,C,C,C,C,C,C,C,C,C,C,C,C,C,C,C,C,C,C,C,N,C
1,1736782,C,C,C,C,A,C,C,C,C,C,C,C,C,C,C,C,C,C,C,C,C,C,C,C,C,C,C,C,C,C,C,C,C,C,C,C,C,C,C,C,C,C,C,C,C,C,C
1,1759400,T,T,T,T,T,T,T,T,T,C,C,T,T,T,T,T,T,T,T,T,T,T,N,T,T,T,T,T,T,T,T,T,T,T,T,T,T,T,T,T,T,T,T,T,T,T,T
1,1766373,C,C,C,C,C,C,C,N,C,C,C,C,C,C,C,C,C,C,C,C,C,C,C,C,C,C,C,C,C,C,C,C,C,C,C,C,C,C,C,C,C,C,T,C,C,C,C
1,1767837,A,A,A,N,A,C,A,C,A,A,A,A,C,A,A,A,A,A,A,A,A,A,A,A,A,A,A,A,A,A,A,A,A,A,A,A,A,A,N,N,A,A,A,A,A,A,A
1,1778256,G,G,G,N,G,G,G,N,G,G,G,G,G,G,G,G,G,G,G,G,G,G,G,G,G,G,A,A,A,A,G,G,N,G,G,G,G,G,G,G,G,G,N,G,G,G,G
1,1780090,G,G,G,G,G,G,G,G,G,G,G,G,G,G,G,A,G,G,G,G,G,G,G,G,G,G,G,G,G,G,G,G,G,G,G,G,G,G,G,G,N,G,G,G,G,G,G
1,1789123,C,G,G,N,G,C,C,C,C,G,G,C,C,C,G,G,G,G,G,G,G,G,G,G,G,G,C,C,C,C,G,G,N,G,G,G,G,G,G,G,G,G,G,G,G,N,G
1,1795144,C,C,C,C,C,C,C,C,C,C,C,C,C,C,C,C,C,C,C,C,C,C,C,C,N,C,C,C,C,C,C,C,C,C,C,C,C,C,C,C,N,C,T,C,C,C,C
1,1799276,T,T,T,T,T,T,T,T,T,T,T,T,T,T,T,T,T,T,T,T,T,T,T,T,N,T,T,T,T,T,T,T,T,T,T,T,T,T,T,N,A,T,T,T,T,N,T
1,1807756,C,C,C,C,C,C,C,C,C,C,C,C,C,C,C,C,C,C,C,C,C,C,C,C,C,C,C,C,C,C,C,C,C,C,C,C,C,C,N,N,N,C,C,C,N,T,N
1,1823818,A,A,A,T,A,A,A,A,A,A,A,A,A,A,N,A,A,A,A,A,A,A,A,A,A,A,A,A,A,A,A,A,A,A,A,A,A,A,A,A,A,A,A,A,A,A,A
1,1827564,T,C,T,T,T,T,T,T,T,T,T,T,T,T,T,T,T,T,T,T,T,T,T,T,T,T,T,T,T,T,T,T,T,T,T,T,T,T,T,T,T,T,T,T,T,T,T
1,1855694,T,T,C,T,T,T,T,T,T,T,T,T,T,T,T,T,T,T,T,T,T,T,T,T,N,T,T,T,T,T,T,T,T,T,T,T,T,T,T,T,T,T,T,T,T,T,T
1,1859707,T,T,T,T,T,T,T,T,T,C,C,T,T,T,T,T,T,T,T,T,T,T,T,T,T,T,T,T,T,T,T,T,T,T,T,T,T,T,T,T,T,T,T,T,T,T,T
1,1860160,G,G,G,G,G,A,G,A,G,G,G,G,A,G,G,G,G,G,G,G,G,G,G,G,N,G,G,G,G,G,G,G,G,G,G,G,G,G,G,G,N,G,G,G,G,G,G
1,1861516,G,G,G,G,G,G,G,G,G,G,G,G,G,G,G,G,G,G,G,G,G,G,G,G,G,N,G,G,G,G,G,G,T,G,G,G,G,G,G,G,G,G,G,G,G,N,G
1,1872546,A,A,A,G,A,A,A,A,A,A,A,A,A,A,A,A,A,A,G,G,A,A,G,A,G,G,A,A,A,A,A,G,A,G,A,A,G,A,N,A,N,A,G,A,A,A,A
1,1874034,G,G,G,G,G,G,G,G,G,G,G,G,G,G,G,G,A,G,G,G,G,G,G,G,G,G,G,G,G,G,G,G,G,G,G,G,G,G,G,G,G,G,G,G,G,G,G
1,1879014,G,G,G,G,G,G,G,N,G,G,G,G,G,G,G,G,G,G,G,G,G,G,G,G,C,G,G,G,G,G,N,N,N,G,G,G,G,N,N,N,N,G,G,G,N,N,G
1,1884402,T,T,T,T,T,T,C,N,C,T,T,C,T,C,N,T,T,T,T,T,T,T,T,T,T,T,T,T,T,T,T,T,N,T,N,T,T,T,T,N,T,T,T,T,N,T,T
1,1887293,T,T,T,N,T,T,T,N,T,T,T,T,T,T,T,T,T,T,T,T,T,T,T,T,N,T,T,T,T,T,N,T,T,T,T,T,T,T,G,N,T,T,T,T,T,T,T
1,1889065,G,G,A,G,G,G,G,G,G,G,G,G,G,G,G,G,G,G,G,G,G,G,G,G,G,G,G,G,G,G,G,G,G,G,G,G,G,G,G,G,N,G,G,G,G,G,G
1,1892072,A,A,A,N,A,A,A,A,A,G,G,A,A,A,A,A,A,A,A,A,A,A,A,A,A,A,A,A,A,A,A,A,A,A,A,A,A,A,A,N,A,A,A,A,A,N,A
1,1919027,G,G,G,G,G,G,G,G,G,G,G,G,G,G,G,G,G,G,G,G,G,G,G,G,G,G,G,G,G,G,G,G,G,G,G,G,G,G,G,A,G,G,G,G,G,A,G
1,1925550,A,A,A,A,A,A,A,A,A,A,A,A,A,A,A,A,A,A,A,A,A,A,A,A,A,A,A,A,A,A,A,C,A,A,A,A,A,A,A,A,A,A,A,A,A,A,A
1,1925728,G,G,G,N,G,G,G,G,G,G,G,G,G,G,G,G,G,G,G,G,G,G,G,G,G,G,G,G,G,G,A,G,G,G,A,G,G,G,G,N,N,G,G,G,A,G,G
1,1940771,C,C,C,C,C,C,C,C,C,C,C,C,C,C,C,T,C,C,C,C,C,C,C,C,C,C,C,C,C,C,C,C,N,C,C,N,C,C,C,C,C,C,C,C,C,C,C
1,1959499,C,C,C,C,C,T,C,T,C,C,C,C,T,C,C,C,C,C,C,C,C,C,C,C,C,C,C,C,C,C,C,C,C,C,C,C,C,C,C,C,C,C,C,C,C,C,C
1,1967677,C,C,C,C,C,C,C,N,C,C,C,C,C,C,C,C,C,C,C,C,C,C,C,C,C,C,T,T,T,T,C,C,C,C,C,C,C,C,C,C,C,C,C,C,C,C,C
1,1968238,G,G,G,G,G,G,G,G,G,G,G,G,G,G,G,G,G,G,G,G,G,G,G,G,G,G,G,G,G,G,G,G,G,G,G,G,G,G,G,G,G,A,G,G,G,N,G
1,1984929,G,G,G,G,G,G,G,G,G,G,G,G,G,G,G,G,G,G,G,G,G,G,G,G,G,G,G,G,A,G,G,G,N,G,G,G,G,G,G,G,G,G,G,G,G,N,G
1,1988549,C,C,C,C,C,C,C,C,C,C,C,C,C,C,C,C,C,C,C,C,C,C,C,C,C,C,C,C,C,C,C,C,C,C,C,C,C,C,C,N,C,A,C,C,C,C,C
1,2010695,G,G,G,G,G,G,G,G,G,G,G,G,G,G,G,G,G,A,G,G,G,G,N,G,G,N,G,G,N,G,N,G,N,G,G,G,N,N,N,N,N,G,G,N,G,N,N
1,2038256,G,G,G,G,G,G,G,G,G,G,G,G,G,G,G,G,G,G,G,G,G,G,G,G,G,G,G,A,A,G,G,G,G,G,G,G,G,G,G,G,G,G,G,G,G,G,G
1,2038391,C,C,C,C,C,C,C,C,C,C,C,C,C,C,C,C,C,C,C,C,C,T,C,C,C,C,C,C,C,C,C,C,C,C,C,C,C,C,C,C,C,C,C,C,C,C,C
1,2038870,T,T,T,T,T,T,T,T,T,T,T,T,T,T,T,T,T,T,T,T,T,T,T,T,T,T,T,T,T,T,T,T,N,T,T,C,T,C,T,T,T,T,T,T,T,N,T
1,2042911,C,C,C,C,C,C,C,C,C,C,C,C,C,C,C,C,C,C,C,C,C,C,C,C,C,C,C,C,C,C,C,T,N,C,C,C,C,C,C,C,C,C,C,C,C,N,C
1,2053071,C,C,C,C,C,C,C,C,C,C,C,C,C,C,C,C,C,C,C,C,C,T,C,C,C,C,C,C,C,C,C,C,C,C,C,C,C,C,T,C,C,C,C,C,C,C,C
1,2071585,C,T,T,T,T,C,C,C,C,T,T,C,C,C,T,T,T,T,T,T,T,T,T,T,T,T,C,C,C,C,T,T,T,T,T,T,T,T,T,N,T,T,T,T,T,T,T
1,2082763,G,G,G,N,G,G,G,G,G,G,G,G,G,G,G,G,G,G,G,G,G,G,G,G,G,G,G,G,G,G,G,G,G,G,G,G,G,G,G,G,G,T,G,G,G,G,G
1,2095107,C,C,C,C,C,C,C,C,C,C,C,C,C,C,C,C,C,C,C,C,C,C,C,C,C,C,C,C,C,C,C,C,C,C,C,C,C,C,C,T,C,C,C,C,C,C,C
1,2115206,G,G,G,G,G,G,G,G,G,G,G,G,G,G,G,G,G,G,G,G,G,G,G,G,G,N,G,G,G,G,G,G,A,G,G,G,G,G,G,G,G,G,G,G,G,N,G
1,2121134,T,T,T,T,T,T,T,T,T,T,T,T,T,T,T,T,T,T,T,T,T,T,N,T,T,T,T,T,T,T,T,T,T,T,N,T,T,T,T,T,T,T,T,T,T,T,C
1,2123985,T,T,T,C,T,T,T,T,T,T,T,T,T,T,T,T,T,T,C,C,T,T,C,T,N,C,T,T,T,T,T,C,T,C,T,T,C,T,T,T,T,T,C,T,T,T,T
1,2125455,G,A,G,N,G,G,G,G,G,G,G,G,G,G,G,G,G,G,G,G,G,G,G,G,G,G,G,G,G,G,G,G,G,G,G,G,G,G,G,N,G,G,G,G,G,G,G
1,2131153,C,C,C,C,C,C,C,C,C,C,C,C,C,C,C,C,A,C,C,C,C,C,C,C,C,C,C,C,C,C,C,C,N,C,C,C,C,C,C,N,C,C,C,C,C,C,C
1,2135373,G,G,G,G,G,G,A,G,A,G,G,A,G,A,G,G,G,G,G,G,G,G,G,G,G,G,G,G,G,G,G,G,G,G,N,G,G,G,G,G,G,G,G,G,G,G,G
1,2135600,A,A,A,C,A,A,A,A,A,A,A,A,A,A,A,A,A,A,A,A,A,A,N,A,A,A,A,A,A,A,A,A,N,A,A,A,A,A,A,A,N,A,N,A,A,A,A
1,2137783,T,T,T,T,T,T,T,T,T,T,T,T,T,T,T,T,T,T,T,T,T,T,T,T,T,T,T,T,T,T,T,T,T,T,T,T,T,T,T,T,C,T,T,T,T,T,T
1,2138554,G,G,G,N,G,G,G,G,G,G,G,G,G,G,G,G,G,G,G,G,G,G,G,G,G,G,G,G,G,G,G,G,G,G,G,G,G,G,G,N,A,G,G,G,G,G,G
1,2140168,T,T,T,T,T,T,T,T,T,T,T,T,T,T,T,T,T,T,T,T,T,T,T,T,T,T,T,T,T,T,T,N,T,T,T,T,T,N,T,A,T,T,T,T,T,T,T
1,2142357,G,G,G,G,G,G,G,G,G,G,G,G,G,G,G,G,G,G,G,G,G,G,G,G,N,G,G,G,G,G,G,A,G,G,G,G,G,G,G,G,G,G,G,G,G,N,G
1,2158168,G,G,G,G,G,G,G,G,G,G,G,G,G,G,G,G,A,G,G,G,G,G,G,G,G,G,G,G,G,G,G,G,G,G,G,G,G,G,G,G,G,G,G,G,G,G,G
1,2173802,G,G,G,G,G,G,G,G,G,G,G,G,G,G,G,G,G,G,G,A,G,G,G,G,G,G,G,G,G,G,G,G,G,G,G,G,G,G,G,N,N,G,G,G,G,G,G
1,2177616,G,G,G,N,G,A,G,A,G,G,G,G,A,G,G,G,G,G,G,G,G,G,G,G,G,G,G,G,G,G,G,G,G,G,G,G,G,G,G,N,G,G,G,G,G,G,G
1,2184263,C,C,C,C,C,C,C,C,C,C,C,C,C,C,C,C,C,C,C,C,C,C,C,C,C,C,T,T,T,T,C,C,C,C,C,C,C,C,C,C,C,C,C,C,C,N,C
1,2191165,T,T,T,T,T,T,T,T,T,T,T,T,T,T,N,T,T,T,T,T,T,T,T,T,T,T,T,T,T,T,T,T,A,T,T,T,T,T,T,T,T,T,T,T,T,T,T
1,2192030,A,A,A,A,A,A,C,A,C,A,A,C,A,C,A,A,A,A,A,A,A,A,A,A,A,A,A,A,A,A,A,A,A,A,A,A,A,A,A,A,A,A,A,A,A,A,A
1,2199379,C,C,C,C,C,C,C,C,C,C,C,C,C,C,C,C,C,C,C,C,C,C,C,C,C,C,T,T,T,T,C,C,C,C,C,C,C,C,C,C,C,C,C,C,C,C,C
1,2222958,G,G,G,G,G,G,G,G,G,G,G,G,G,G,G,G,A,G,G,G,G,G,G,G,G,G,G,G,G,G,G,N,G,G,G,G,G,G,G,N,N,G,G,G,G,G,G
1,2259596,G,G,G,G,G,G,G,G,G,G,G,G,G,G,G,G,G,A,G,G,N,G,G,G,N,G,G,G,N,G,G,N,G,G,G,G,G,G,G,G,G,G,G,G,G,G,G
1,2259656,C,C,C,N,N,C,C,N,C,C,C,C,C,C,C,C,C,C,C,C,C,A,N,C,C,C,C,C,C,C,C,N,N,C,N,C,N,C,A,N,C,C,C,C,C,C,C
1,2260365,C,C,C,T,C,C,C,C,C,C,C,C,C,C,C,C,C,C,C,C,C,C,C,C,C,C,C,C,C,C,C,C,C,C,C,C,C,C,C,C,C,C,C,C,C,C,C
1,2290030,G,G,G,G,G,G,A,G,A,G,G,A,G,A,G,G,G,G,G,G,G,G,G,G,G,G,G,G,G,G,G,G,G,G,G,G,G,N,N,N,G,G,G,G,G,G,G
1,2299424,A,A,A,N,A,A,G,A,G,A,A,G,A,G,A,A,A,A,A,A,A,A,A,A,A,A,A,A,A,A,A,A,A,A,A,A,N,A,A,A,A,A,A,A,A,A,A
1,2301706,G,G,G,G,G,G,G,G,G,G,G,G,G,G,G,G,G,G,G,G,G,G,G,G,G,G,G,G,G,G,G,G,T,G,G,G,G,G,G,N,G,G,G,G,G,G,G
1,2306225,G,G,G,G,G,G,G,G,G,G,G,G,G,G,G,G,G,G,G,G,G,G,N,G,G,G,G,A,G,G,G,G,G,G,G,G,G,G,G,N,G,G,G,G,G,G,G
1,2310116,G,G,G,G,G,G,G,G,G,G,G,G,G,G,G,G,G,G,G,G,G,G,G,G,G,G,G,G,G,G,G,G,G,G,G,G,A,G,G,G,G,G,G,G,G,G,G
1,2317401,G,G,G,G,G,G,G,G,G,G,G,G,G,G,G,G,G,G,G,C,G,G,G,G,G,G,G,G,G,G,G,G,G,G,N,G,G,G,G,G,G,G,G,G,G,G,G
1,2327579,A,A,A,A,A,A,A,A,A,A,A,A,A,A,A,A,A,A,A,A,A,A,A,A,A,A,A,A,A,A,A,A,G,A,A,A,A,A,A,A,A,A,A,A,A,A,G
1,2328126,G,G,A,N,G,G,G,G,G,G,G,G,G,G,G,G,G,G,G,G,G,G,N,G,G,G,G,G,G,G,G,G,G,G,G,G,G,G,G,G,G,G,G,G,G,G,G
1,2334572,G,G,G,N,G,A,G,A,G,G,G,G,A,G,G,G,G,G,G,G,G,G,G,G,G,G,G,G,G,G,G,N,N,G,G,G,G,G,G,G,N,G,G,G,G,G,G
1,2339326,C,C,C,C,C,C,T,C,T,C,C,T,C,T,C,C,C,C,C,C,C,C,C,C,C,C,C,C,C,C,C,C,N,C,C,C,C,C,C,N,C,C,C,C,C,N,C
1,2341356,G,G,G,G,A,G,G,G,G,G,G,G,G,G,G,G,G,G,G,G,G,G,N,G,G,G,G,G,G,G,G,G,N,G,G,G,G,G,G,N,G,G,G,G,G,G,G
1,2345497,C,C,C,A,C,C,C,C,C,C,C,C,C,C,C,C,C,C,C,C,C,C,C,C,C,C,C,C,C,C,C,C,C,C,C,C,C,C,C,C,C,C,C,C,C,C,C
1,2355225,C,C,C,C,C,C,G,C,G,C,C,G,C,G,C,C,C,C,C,C,C,C,C,C,C,C,C,C,C,C,C,C,C,C,C,C,C,C,C,C,N,C,C,C,C,N,C
1,2364445,T,T,T,T,T,T,T,T,T,T,T,T,T,T,T,T,T,T,T,T,T,T,C,T,C,T,T,T,T,T,T,T,T,T,T,T,T,T,T,T,T,T,T,T,T,T,T
1,2385976,G,G,G,G,G,G,G,G,G,G,G,G,G,G,G,G,G,G,G,G,G,G,G,G,G,G,G,G,G,G,C,G,G,G,C,G,G,G,G,N,G,G,G,G,C,G,G
1,2395159,G,G,G,N,G,G,G,N,G,G,G,G,G,G,G,G,G,G,G,G,G,G,G,G,G,G,A,A,A,A,G,N,G,G,G,G,G,G,G,G,G,G,G,G,G,G,G
1,2432046,G,G,G,G,G,G,G,G,G,G,G,G,G,G,G,G,G,G,G,G,G,G,G,G,G,G,G,G,G,G,G,G,N,G,G,G,G,G,G,G,G,A,G,G,G,G,G
1,2435895,G,G,G,G,G,G,G,G,G,G,G,G,G,G,A,A,G,G,G,G,G,G,G,G,G,G,G,G,G,G,G,G,G,G,G,G,G,G,G,G,G,G,G,G,G,G,G
1,2452165,G,G,G,G,G,G,G,G,G,G,G,G,G,G,G,G,G,G,G,G,G,G,G,G,G,G,G,G,G,G,G,G,N,G,G,G,G,G,G,G,G,G,G,G,G,G,A
1,2458140,T,T,T,T,T,C,T,C,T,T,T,T,C,T,T,T,T,T,T,T,T,T,T,T,T,T,T,T,T,T,T,T,T,T,T,T,T,T,T,T,T,T,T,T,T,T,T
1,2506263,C,C,C,T,C,C,C,C,C,C,C,C,C,C,C,C,C,C,C,C,C,C,C,C,C,C,C,C,C,C,C,C,C,C,C,C,C,C,C,C,C,C,C,C,C,C,C
1,2506764,C,C,C,C,C,C,C,C,C,C,C,C,C,C,C,C,C,C,C,C,C,C,C,C,C,C,T,T,T,T,C,C,C,C,C,C,C,C,C,C,C,C,C,C,C,C,C
1,2513075,G,G,G,G,G,G,G,G,G,G,G,G,G,G,G,G,G,G,G,G,G,C,G,G,G,G,G,G,G,G,G,G,G,G,G,G,G,G,G,G,G,G,G,G,G,G,G
