chr,pos,Z_inferred_ancestor,Z_Q^404-Scr-Lc-1_t15,Z_Q^402-Scr-tlBa-5_t15,Z_Q^402-Scr-tlBa-4_t15,Z_Q^401-Scr-trBa-4_t15,Z_Q^401-Scr-trBa-2_t15,Z_Q^394-Ext-clChB-5_t15,Z_Q^400-Scr-tcBa-5_t15,Z_Q^394-Ext-clChB-4_t15,Z_Q^394-Ext-clChB-3_t15,Z_Q^394-Ext-clChB-1_t15
1,82916,G,G,G,G,G,G,G,T,G,G,G
1,257729,G,G,G,G,A,G,G,G,G,G,G
1,301174,C,C,C,C,T,C,C,C,C,C,C
1,316107,G,G,G,G,G,G,G,A,G,G,G
1,461168,G,G,G,G,G,G,G,G,G,G,A
1,761577,C,C,C,C,C,C,C,T,C,C,C
1,1170321,C,C,C,C,C,C,T,C,T,T,C
1,1337880,G,G,G,G,G,G,G,G,G,G,A
1,1350189,C,C,C,T,C,C,C,C,C,C,C
1,1370581,G,A,G,G,G,G,G,G,G,G,G
1,1398181,C,C,C,C,C,C,C,A,C,C,C
1,1525696,G,G,G,G,G,A,G,G,G,G,G
1,1548704,A,A,A,A,A,A,A,G,A,A,A
1,1548922,G,G,G,A,G,G,G,G,G,G,G
1,1844050,C,C,C,C,C,C,C,T,C,C,C
1,2007171,G,G,A,A,G,A,G,G,G,G,G
1,2038615,A,A,A,A,A,A,A,A,A,A,G
1,2061661,T,T,C,T,T,T,T,T,T,T,T
1,2087258,T,T,C,T,T,T,T,T,T,T,T
1,2343443,A,A,A,A,A,G,A,A,A,A,A
1,2417983,G,G,G,G,G,G,G,A,G,G,G
